FIPS,State,Area_Name,Type
0,US,United States,country
1000,AL,Alabama,state
1001,AL,Autauga County,state
1003,AL,Baldwin County,state
1005,AL,Barbour County,state
1007,AL,Bibb County,state
1009,AL,Blount County,state
1011,AL,Bullock County,state
1013,AL,Butler County,state
1015,AL,Calhoun County,state
1017,AL,Chambers County,state
1019,AL,Cherokee County,state
1021,AL,Chilton County,state
1023,AL,Choctaw County,state
1025,AL,Clarke County,state
1027,AL,Clay County,state
1029,AL,Cleburne County,state
1031,AL,Coffee County,state
1033,AL,Colbert County,state
1035,AL,Conecuh County,state
1037,AL,Coosa County,state
1039,AL,Covington County,state
1041,AL,Crenshaw County,state
1043,AL,Cullman County,state
1045,AL,Dale County,state
1047,AL,Dallas County,state
1049,AL,DeKalb County,state
1051,AL,Elmore County,state
1053,AL,Escambia County,state
1055,AL,Etowah County,state
1057,AL,Fayette County,state
1059,AL,Franklin County,state
1061,AL,Geneva County,state
1063,AL,Greene County,state
1065,AL,Hale County,state
1067,AL,Henry County,state
1069,AL,Houston County,state
1071,AL,Jackson County,state
1073,AL,Jefferson County,state
1075,AL,Lamar County,state
1077,AL,Lauderdale County,state
1079,AL,Lawrence County,state
1081,AL,Lee County,state
1083,AL,Limestone County,state
1085,AL,Lowndes County,state
1087,AL,Macon County,state
1089,AL,Madison County,state
1091,AL,Marengo County,state
1093,AL,Marion County,state
1095,AL,Marshall County,state
1097,AL,Mobile County,state
1099,AL,Monroe County,state
1101,AL,Montgomery County,state
1103,AL,Morgan County,state
1105,AL,Perry County,state
1107,AL,Pickens County,state
1109,AL,Pike County,state
1111,AL,Randolph County,state
1113,AL,Russell County,state
1115,AL,St. Clair County,state
1117,AL,Shelby County,state
1119,AL,Sumter County,state
1121,AL,Talladega County,state
1123,AL,Tallapoosa County,state
1125,AL,Tuscaloosa County,state
1127,AL,Walker County,state
1129,AL,Washington County,state
1131,AL,Wilcox County,state
1133,AL,Winston County,state
2000,AK,Alaska,state
2010,AK,Aleutian Islands,state
2013,AK,Aleutians East Borough,state
2016,AK,Aleutians West Census Area,state
2020,AK,Anchorage Municipality,state
2050,AK,Bethel Census Area,state
2060,AK,Bristol Bay Borough,state
2063,AK,"Chugach Census Area, Alaska",state
2066,AK,"Copper River Census Area, Alaska",state
2068,AK,Denali Borough,state
2070,AK,Dillingham Census Area,state
2090,AK,Fairbanks North Star Borough,state
2100,AK,Haines Borough,state
2105,AK,Hoonah-Angoon Census Area,state
2110,AK,Juneau City and Borough,state
2122,AK,Kenai Peninsula Borough,state
2130,AK,Ketchikan Gateway Borough,state
2150,AK,Kodiak Island Borough,state
2158,AK,Kusilvak Census Area,state
2160,AK,Kuskokwim Division,state
2164,AK,Lake and Peninsula Borough,state
2170,AK,Matanuska-Susitna Borough,state
2180,AK,Nome Census Area,state
2185,AK,North Slope Borough,state
2188,AK,Northwest Arctic Borough,state
2195,AK,Petersburg Census Area,state
2198,AK,Prince of Wales-Hyder Census Area,state
2201,AK,Prince of Wales-Outer Ketchikan Census Area,state
2220,AK,Sitka City and Borough,state
2230,AK,Skagway Municipality,state
2231,AK,Skagway-Yakutat-Angoon Census Area,state
2232,AK,Skagway-Hoonah-Angoon Census Area,state
2240,AK,Southeast Fairbanks Census Area,state
2250,AK,Upper Yukon Division,state
2261,AK,Valdez-Cordova Census Area,state
2275,AK,Wrangell City and Borough,state
2280,AK,Wrangell-Petersburg Census Area,state
2282,AK,Yakutat City and Borough,state
2290,AK,Yukon-Koyukuk Census Area,state
4000,AZ,Arizona,state
4001,AZ,Apache County,state
4003,AZ,Cochise County,state
4005,AZ,Coconino County,state
4007,AZ,Gila County,state
4009,AZ,Graham County,state
4011,AZ,Greenlee County,state
4012,AZ,La Paz County,state
4013,AZ,Maricopa County,state
4015,AZ,Mohave County,state
4017,AZ,Navajo County,state
4019,AZ,Pima County,state
4021,AZ,Pinal County,state
4023,AZ,Santa Cruz County,state
4025,AZ,Yavapai County,state
4027,AZ,Yuma County,state
5000,AR,Arkansas,state
5001,AR,Arkansas County,state
5003,AR,Ashley County,state
5005,AR,Baxter County,state
5007,AR,Benton County,state
5009,AR,Boone County,state
5011,AR,Bradley County,state
5013,AR,Calhoun County,state
5015,AR,Carroll County,state
5017,AR,Chicot County,state
5019,AR,Clark County,state
5021,AR,Clay County,state
5023,AR,Cleburne County,state
5025,AR,Cleveland County,state
5027,AR,Columbia County,state
5029,AR,Conway County,state
5031,AR,Craighead County,state
5033,AR,Crawford County,state
5035,AR,Crittenden County,state
5037,AR,Cross County,state
5039,AR,Dallas County,state
5041,AR,Desha County,state
5043,AR,Drew County,state
5045,AR,Faulkner County,state
5047,AR,Franklin County,state
5049,AR,Fulton County,state
5051,AR,Garland County,state
5053,AR,Grant County,state
5055,AR,Greene County,state
5057,AR,Hempstead County,state
5059,AR,Hot Spring County,state
5061,AR,Howard County,state
5063,AR,Independence County,state
5065,AR,Izard County,state
5067,AR,Jackson County,state
5069,AR,Jefferson County,state
5071,AR,Johnson County,state
5073,AR,Lafayette County,state
5075,AR,Lawrence County,state
5077,AR,Lee County,state
5079,AR,Lincoln County,state
5081,AR,Little River County,state
5083,AR,Logan County,state
5085,AR,Lonoke County,state
5087,AR,Madison County,state
5089,AR,Marion County,state
5091,AR,Miller County,state
5093,AR,Mississippi County,state
5095,AR,Monroe County,state
5097,AR,Montgomery County,state
5099,AR,Nevada County,state
5101,AR,Newton County,state
5103,AR,Ouachita County,state
5105,AR,Perry County,state
5107,AR,Phillips County,state
5109,AR,Pike County,state
5111,AR,Poinsett County,state
5113,AR,Polk County,state
5115,AR,Pope County,state
5117,AR,Prairie County,state
5119,AR,Pulaski County,state
5121,AR,Randolph County,state
5123,AR,St. Francis County,state
5125,AR,Saline County,state
5127,AR,Scott County,state
5129,AR,Searcy County,state
5131,AR,Sebastian County,state
5133,AR,Sevier County,state
5135,AR,Sharp County,state
5137,AR,Stone County,state
5139,AR,Union County,state
5141,AR,Van Buren County,state
5143,AR,Washington County,state
5145,AR,White County,state
5147,AR,Woodruff County,state
5149,AR,Yell County,state
6000,CA,California,state
6001,CA,Alameda County,state
6003,CA,Alpine County,state
6005,CA,Amador County,state
6007,CA,Butte County,state
6009,CA,Calaveras County,state
6011,CA,Colusa County,state
6013,CA,Contra Costa County,state
6015,CA,Del Norte County,state
6017,CA,El Dorado County,state
6019,CA,Fresno County,state
6021,CA,Glenn County,state
6023,CA,Humboldt County,state
6025,CA,Imperial County,state
6027,CA,Inyo County,state
6029,CA,Kern County,state
6031,CA,Kings County,state
6033,CA,Lake County,state
6035,CA,Lassen County,state
6037,CA,Los Angeles County,state
6039,CA,Madera County,state
6041,CA,Marin County,state
6043,CA,Mariposa County,state
6045,CA,Mendocino County,state
6047,CA,Merced County,state
6049,CA,Modoc County,state
6051,CA,Mono County,state
6053,CA,Monterey County,state
6055,CA,Napa County,state
6057,CA,Nevada County,state
6059,CA,Orange County,state
6061,CA,Placer County,state
6063,CA,Plumas County,state
6065,CA,Riverside County,state
6067,CA,Sacramento County,state
6069,CA,San Benito County,state
6071,CA,San Bernardino County,state
6073,CA,San Diego County,state
6075,CA,San Francisco County,state
6077,CA,San Joaquin County,state
6079,CA,San Luis Obispo County,state
6081,CA,San Mateo County,state
6083,CA,Santa Barbara County,state
6085,CA,Santa Clara County,state
6087,CA,Santa Cruz County,state
6089,CA,Shasta County,state
6091,CA,Sierra County,state
6093,CA,Siskiyou County,state
6095,CA,Solano County,state
6097,CA,Sonoma County,state
6099,CA,Stanislaus County,state
6101,CA,Sutter County,state
6103,CA,Tehama County,state
6105,CA,Trinity County,state
6107,CA,Tulare County,state
6109,CA,Tuolumne County,state
6111,CA,Ventura County,state
6113,CA,Yolo County,state
6115,CA,Yuba County,state
8000,CO,Colorado,state
8001,CO,Adams County,state
8003,CO,Alamosa County,state
8005,CO,Arapahoe County,state
8007,CO,Archuleta County,state
8009,CO,Baca County,state
8011,CO,Bent County,state
8013,CO,Boulder County,state
8014,CO,Broomfield County,state
8015,CO,Chaffee County,state
8017,CO,Cheyenne County,state
8019,CO,Clear Creek County,state
8021,CO,Conejos County,state
8023,CO,Costilla County,state
8025,CO,Crowley County,state
8027,CO,Custer County,state
8029,CO,Delta County,state
8031,CO,Denver County,state
8033,CO,Dolores County,state
8035,CO,Douglas County,state
8037,CO,Eagle County,state
8039,CO,Elbert County,state
8041,CO,El Paso County,state
8043,CO,Fremont County,state
8045,CO,Garfield County,state
8047,CO,Gilpin County,state
8049,CO,Grand County,state
8051,CO,Gunnison County,state
8053,CO,Hinsdale County,state
8055,CO,Huerfano County,state
8057,CO,Jackson County,state
8059,CO,Jefferson County,state
8061,CO,Kiowa County,state
8063,CO,Kit Carson County,state
8065,CO,Lake County,state
8067,CO,La Plata County,state
8069,CO,Larimer County,state
8071,CO,Las Animas County,state
8073,CO,Lincoln County,state
8075,CO,Logan County,state
8077,CO,Mesa County,state
8079,CO,Mineral County,state
8081,CO,Moffat County,state
8083,CO,Montezuma County,state
8085,CO,Montrose County,state
8087,CO,Morgan County,state
8089,CO,Otero County,state
8091,CO,Ouray County,state
8093,CO,Park County,state
8095,CO,Phillips County,state
8097,CO,Pitkin County,state
8099,CO,Prowers County,state
8101,CO,Pueblo County,state
8103,CO,Rio Blanco County,state
8105,CO,Rio Grande County,state
8107,CO,Routt County,state
8109,CO,Saguache County,state
8111,CO,San Juan County,state
8113,CO,San Miguel County,state
8115,CO,Sedgwick County,state
8117,CO,Summit County,state
8119,CO,Teller County,state
8121,CO,Washington County,state
8123,CO,Weld County,state
8125,CO,Yuma County,state
9000,CT,Connecticut,state
9001,CT,Fairfield County,state
9003,CT,Hartford County,state
9005,CT,Litchfield County,state
9007,CT,Middlesex County,state
9009,CT,New Haven County,state
9011,CT,New London County,state
9013,CT,Tolland County,state
9015,CT,Windham County,state
9110,CT,"Capitol Planning Region, Connecticut",state
9120,CT,"Greater Bridgeport Planning Region, Connecticut",state
9130,CT,"Lower Connecticut River Valley Planning Region, Connecticut",state
9140,CT,"Naugatuck Valley Planning Region, Connecticut",state
9150,CT,"Northeastern Connecticut Planning Region, Connecticut",state
9160,CT,"Northwest Hills Planning Region, Connecticut",state
9170,CT,"South Central Connecticut Planning Region, Connecticut",state
9180,CT,"Southeastern Connecticut Planning Region, Connecticut",state
9190,CT,"Western Connecticut Planning Region, Connecticut",state
10000,DE,Delaware,state
10001,DE,Kent County,state
10003,DE,New Castle County,state
10005,DE,Sussex County,state
11000,DC,District of Columbia,state
11001,DC,District of Columbia,state
12000,FL,Florida,state
12001,FL,Alachua County,state
12003,FL,Baker County,state
12005,FL,Bay County,state
12007,FL,Bradford County,state
12009,FL,Brevard County,state
12011,FL,Broward County,state
12013,FL,Calhoun County,state
12015,FL,Charlotte County,state
12017,FL,Citrus County,state
12019,FL,Clay County,state
12021,FL,Collier County,state
12023,FL,Columbia County,state
12027,FL,DeSoto County,state
12029,FL,Dixie County,state
12031,FL,Duval County,state
12033,FL,Escambia County,state
12035,FL,Flagler County,state
12037,FL,Franklin County,state
12039,FL,Gadsden County,state
12041,FL,Gilchrist County,state
12043,FL,Glades County,state
12045,FL,Gulf County,state
12047,FL,Hamilton County,state
12049,FL,Hardee County,state
12051,FL,Hendry County,state
12053,FL,Hernando County,state
12055,FL,Highlands County,state
12057,FL,Hillsborough County,state
12059,FL,Holmes County,state
12061,FL,Indian River County,state
12063,FL,Jackson County,state
12065,FL,Jefferson County,state
12067,FL,Lafayette County,state
12069,FL,Lake County,state
12071,FL,Lee County,state
12073,FL,Leon County,state
12075,FL,Levy County,state
12077,FL,Liberty County,state
12079,FL,Madison County,state
12081,FL,Manatee County,state
12083,FL,Marion County,state
12085,FL,Martin County,state
12086,FL,Miami-Dade County,state
12087,FL,Monroe County,state
12089,FL,Nassau County,state
12091,FL,Okaloosa County,state
12093,FL,Okeechobee County,state
12095,FL,Orange County,state
12097,FL,Osceola County,state
12099,FL,Palm Beach County,state
12101,FL,Pasco County,state
12103,FL,Pinellas County,state
12105,FL,Polk County,state
12107,FL,Putnam County,state
12109,FL,St. Johns County,state
12111,FL,St. Lucie County,state
12113,FL,Santa Rosa County,state
12115,FL,Sarasota County,state
12117,FL,Seminole County,state
12119,FL,Sumter County,state
12121,FL,Suwannee County,state
12123,FL,Taylor County,state
12125,FL,Union County,state
12127,FL,Volusia County,state
12129,FL,Wakulla County,state
12131,FL,Walton County,state
12133,FL,Washington County,state
13000,GA,Georgia,state
13001,GA,Appling County,state
13003,GA,Atkinson County,state
13005,GA,Bacon County,state
13007,GA,Baker County,state
13009,GA,Baldwin County,state
13011,GA,Banks County,state
13013,GA,Barrow County,state
13015,GA,Bartow County,state
13017,GA,Ben Hill County,state
13019,GA,Berrien County,state
13021,GA,Bibb County,state
13023,GA,Bleckley County,state
13025,GA,Brantley County,state
13027,GA,Brooks County,state
13029,GA,Bryan County,state
13031,GA,Bulloch County,state
13033,GA,Burke County,state
13035,GA,Butts County,state
13037,GA,Calhoun County,state
13039,GA,Camden County,state
13043,GA,Candler County,state
13045,GA,Carroll County,state
13047,GA,Catoosa County,state
13049,GA,Charlton County,state
13051,GA,Chatham County,state
13053,GA,Chattahoochee County,state
13055,GA,Chattooga County,state
13057,GA,Cherokee County,state
13059,GA,Clarke County,state
13061,GA,Clay County,state
13063,GA,Clayton County,state
13065,GA,Clinch County,state
13067,GA,Cobb County,state
13069,GA,Coffee County,state
13071,GA,Colquitt County,state
13073,GA,Columbia County,state
13075,GA,Cook County,state
13077,GA,Coweta County,state
13079,GA,Crawford County,state
13081,GA,Crisp County,state
13083,GA,Dade County,state
13085,GA,Dawson County,state
13087,GA,Decatur County,state
13089,GA,DeKalb County,state
13091,GA,Dodge County,state
13093,GA,Dooly County,state
13095,GA,Dougherty County,state
13097,GA,Douglas County,state
13099,GA,Early County,state
13101,GA,Echols County,state
13103,GA,Effingham County,state
13105,GA,Elbert County,state
13107,GA,Emanuel County,state
13109,GA,Evans County,state
13111,GA,Fannin County,state
13113,GA,Fayette County,state
13115,GA,Floyd County,state
13117,GA,Forsyth County,state
13119,GA,Franklin County,state
13121,GA,Fulton County,state
13123,GA,Gilmer County,state
13125,GA,Glascock County,state
13127,GA,Glynn County,state
13129,GA,Gordon County,state
13131,GA,Grady County,state
13133,GA,Greene County,state
13135,GA,Gwinnett County,state
13137,GA,Habersham County,state
13139,GA,Hall County,state
13141,GA,Hancock County,state
13143,GA,Haralson County,state
13145,GA,Harris County,state
13147,GA,Hart County,state
13149,GA,Heard County,state
13151,GA,Henry County,state
13153,GA,Houston County,state
13155,GA,Irwin County,state
13157,GA,Jackson County,state
13159,GA,Jasper County,state
13161,GA,Jeff Davis County,state
13163,GA,Jefferson County,state
13165,GA,Jenkins County,state
13167,GA,Johnson County,state
13169,GA,Jones County,state
13171,GA,Lamar County,state
13173,GA,Lanier County,state
13175,GA,Laurens County,state
13177,GA,Lee County,state
13179,GA,Liberty County,state
13181,GA,Lincoln County,state
13183,GA,Long County,state
13185,GA,Lowndes County,state
13187,GA,Lumpkin County,state
13189,GA,McDuffie County,state
13191,GA,McIntosh County,state
13193,GA,Macon County,state
13195,GA,Madison County,state
13197,GA,Marion County,state
13199,GA,Meriwether County,state
13201,GA,Miller County,state
13205,GA,Mitchell County,state
13207,GA,Monroe County,state
13209,GA,Montgomery County,state
13211,GA,Morgan County,state
13213,GA,Murray County,state
13215,GA,Muscogee County,state
13217,GA,Newton County,state
13219,GA,Oconee County,state
13221,GA,Oglethorpe County,state
13223,GA,Paulding County,state
13225,GA,Peach County,state
13227,GA,Pickens County,state
13229,GA,Pierce County,state
13231,GA,Pike County,state
13233,GA,Polk County,state
13235,GA,Pulaski County,state
13237,GA,Putnam County,state
13239,GA,Quitman County,state
13241,GA,Rabun County,state
13243,GA,Randolph County,state
13245,GA,Richmond County,state
13247,GA,Rockdale County,state
13249,GA,Schley County,state
13251,GA,Screven County,state
13253,GA,Seminole County,state
13255,GA,Spalding County,state
13257,GA,Stephens County,state
13259,GA,Stewart County,state
13261,GA,Sumter County,state
13263,GA,Talbot County,state
13265,GA,Taliaferro County,state
13267,GA,Tattnall County,state
13269,GA,Taylor County,state
13271,GA,Telfair County,state
13273,GA,Terrell County,state
13275,GA,Thomas County,state
13277,GA,Tift County,state
13279,GA,Toombs County,state
13281,GA,Towns County,state
13283,GA,Treutlen County,state
13285,GA,Troup County,state
13287,GA,Turner County,state
13289,GA,Twiggs County,state
13291,GA,Union County,state
13293,GA,Upson County,state
13295,GA,Walker County,state
13297,GA,Walton County,state
13299,GA,Ware County,state
13301,GA,Warren County,state
13303,GA,Washington County,state
13305,GA,Wayne County,state
13307,GA,Webster County,state
13309,GA,Wheeler County,state
13311,GA,White County,state
13313,GA,Whitfield County,state
13315,GA,Wilcox County,state
13317,GA,Wilkes County,state
13319,GA,Wilkinson County,state
13321,GA,Worth County,state
15000,HI,Hawaii,state
15001,HI,Hawaii County,state
15003,HI,Honolulu County,state
15005,HI,Kalawao County,state
15007,HI,Kauai County,state
15009,HI,Maui County,state
16000,ID,Idaho,state
16001,ID,Ada County,state
16003,ID,Adams County,state
16005,ID,Bannock County,state
16007,ID,Bear Lake County,state
16009,ID,Benewah County,state
16011,ID,Bingham County,state
16013,ID,Blaine County,state
16015,ID,Boise County,state
16017,ID,Bonner County,state
16019,ID,Bonneville County,state
16021,ID,Boundary County,state
16023,ID,Butte County,state
16025,ID,Camas County,state
16027,ID,Canyon County,state
16029,ID,Caribou County,state
16031,ID,Cassia County,state
16033,ID,Clark County,state
16035,ID,Clearwater County,state
16037,ID,Custer County,state
16039,ID,Elmore County,state
16041,ID,Franklin County,state
16043,ID,Fremont County,state
16045,ID,Gem County,state
16047,ID,Gooding County,state
16049,ID,Idaho County,state
16051,ID,Jefferson County,state
16053,ID,Jerome County,state
16055,ID,Kootenai County,state
16057,ID,Latah County,state
16059,ID,Lemhi County,state
16061,ID,Lewis County,state
16063,ID,Lincoln County,state
16065,ID,Madison County,state
16067,ID,Minidoka County,state
16069,ID,Nez Perce County,state
16071,ID,Oneida County,state
16073,ID,Owyhee County,state
16075,ID,Payette County,state
16077,ID,Power County,state
16079,ID,Shoshone County,state
16081,ID,Teton County,state
16083,ID,Twin Falls County,state
16085,ID,Valley County,state
16087,ID,Washington County,state
17000,IL,Illinois,state
17001,IL,Adams County,state
17003,IL,Alexander County,state
17005,IL,Bond County,state
17007,IL,Boone County,state
17009,IL,Brown County,state
17011,IL,Bureau County,state
17013,IL,Calhoun County,state
17015,IL,Carroll County,state
17017,IL,Cass County,state
17019,IL,Champaign County,state
17021,IL,Christian County,state
17023,IL,Clark County,state
17025,IL,Clay County,state
17027,IL,Clinton County,state
17029,IL,Coles County,state
17031,IL,Cook County,state
17033,IL,Crawford County,state
17035,IL,Cumberland County,state
17037,IL,DeKalb County,state
17039,IL,De Witt County,state
17041,IL,Douglas County,state
17043,IL,DuPage County,state
17045,IL,Edgar County,state
17047,IL,Edwards County,state
17049,IL,Effingham County,state
17051,IL,Fayette County,state
17053,IL,Ford County,state
17055,IL,Franklin County,state
17057,IL,Fulton County,state
17059,IL,Gallatin County,state
17061,IL,Greene County,state
17063,IL,Grundy County,state
17065,IL,Hamilton County,state
17067,IL,Hancock County,state
17069,IL,Hardin County,state
17071,IL,Henderson County,state
17073,IL,Henry County,state
17075,IL,Iroquois County,state
17077,IL,Jackson County,state
17079,IL,Jasper County,state
17081,IL,Jefferson County,state
17083,IL,Jersey County,state
17085,IL,Jo Daviess County,state
17087,IL,Johnson County,state
17089,IL,Kane County,state
17091,IL,Kankakee County,state
17093,IL,Kendall County,state
17095,IL,Knox County,state
17097,IL,Lake County,state
17099,IL,La Salle County,state
17101,IL,Lawrence County,state
17103,IL,Lee County,state
17105,IL,Livingston County,state
17107,IL,Logan County,state
17109,IL,McDonough County,state
17111,IL,McHenry County,state
17113,IL,McLean County,state
17115,IL,Macon County,state
17117,IL,Macoupin County,state
17119,IL,Madison County,state
17121,IL,Marion County,state
17123,IL,Marshall County,state
17125,IL,Mason County,state
17127,IL,Massac County,state
17129,IL,Menard County,state
17131,IL,Mercer County,state
17133,IL,Monroe County,state
17135,IL,Montgomery County,state
17137,IL,Morgan County,state
17139,IL,Moultrie County,state
17141,IL,Ogle County,state
17143,IL,Peoria County,state
17145,IL,Perry County,state
17147,IL,Piatt County,state
17149,IL,Pike County,state
17151,IL,Pope County,state
17153,IL,Pulaski County,state
17155,IL,Putnam County,state
17157,IL,Randolph County,state
17159,IL,Richland County,state
17161,IL,Rock Island County,state
17163,IL,St. Clair County,state
17165,IL,Saline County,state
17167,IL,Sangamon County,state
17169,IL,Schuyler County,state
17171,IL,Scott County,state
17173,IL,Shelby County,state
17175,IL,Stark County,state
17177,IL,Stephenson County,state
17179,IL,Tazewell County,state
17181,IL,Union County,state
17183,IL,Vermilion County,state
17185,IL,Wabash County,state
17187,IL,Warren County,state
17189,IL,Washington County,state
17191,IL,Wayne County,state
17193,IL,White County,state
17195,IL,Whiteside County,state
17197,IL,Will County,state
17199,IL,Williamson County,state
17201,IL,Winnebago County,state
17203,IL,Woodford County,state
18000,IN,Indiana,state
18001,IN,Adams County,state
18003,IN,Allen County,state
18005,IN,Bartholomew County,state
18007,IN,Benton County,state
18009,IN,Blackford County,state
18011,IN,Boone County,state
18013,IN,Brown County,state
18015,IN,Carroll County,state
18017,IN,Cass County,state
18019,IN,Clark County,state
18021,IN,Clay County,state
18023,IN,Clinton County,state
18025,IN,Crawford County,state
18027,IN,Daviess County,state
18029,IN,Dearborn County,state
18031,IN,Decatur County,state
18033,IN,DeKalb County,state
18035,IN,Delaware County,state
18037,IN,Dubois County,state
18039,IN,Elkhart County,state
18041,IN,Fayette County,state
18043,IN,Floyd County,state
18045,IN,Fountain County,state
18047,IN,Franklin County,state
18049,IN,Fulton County,state
18051,IN,Gibson County,state
18053,IN,Grant County,state
18055,IN,Greene County,state
18057,IN,Hamilton County,state
18059,IN,Hancock County,state
18061,IN,Harrison County,state
18063,IN,Hendricks County,state
18065,IN,Henry County,state
18067,IN,Howard County,state
18069,IN,Huntington County,state
18071,IN,Jackson County,state
18073,IN,Jasper County,state
18075,IN,Jay County,state
18077,IN,Jefferson County,state
18079,IN,Jennings County,state
18081,IN,Johnson County,state
18083,IN,Knox County,state
18085,IN,Kosciusko County,state
18087,IN,LaGrange County,state
18089,IN,Lake County,state
18091,IN,LaPorte County,state
18093,IN,Lawrence County,state
18095,IN,Madison County,state
18097,IN,Marion County,state
18099,IN,Marshall County,state
18101,IN,Martin County,state
18103,IN,Miami County,state
18105,IN,Monroe County,state
18107,IN,Montgomery County,state
18109,IN,Morgan County,state
18111,IN,Newton County,state
18113,IN,Noble County,state
18115,IN,Ohio County,state
18117,IN,Orange County,state
18119,IN,Owen County,state
18121,IN,Parke County,state
18123,IN,Perry County,state
18125,IN,Pike County,state
18127,IN,Porter County,state
18129,IN,Posey County,state
18131,IN,Pulaski County,state
18133,IN,Putnam County,state
18135,IN,Randolph County,state
18137,IN,Ripley County,state
18139,IN,Rush County,state
18141,IN,St. Joseph County,state
18143,IN,Scott County,state
18145,IN,Shelby County,state
18147,IN,Spencer County,state
18149,IN,Starke County,state
18151,IN,Steuben County,state
18153,IN,Sullivan County,state
18155,IN,Switzerland County,state
18157,IN,Tippecanoe County,state
18159,IN,Tipton County,state
18161,IN,Union County,state
18163,IN,Vanderburgh County,state
18165,IN,Vermillion County,state
18167,IN,Vigo County,state
18169,IN,Wabash County,state
18171,IN,Warren County,state
18173,IN,Warrick County,state
18175,IN,Washington County,state
18177,IN,Wayne County,state
18179,IN,Wells County,state
18181,IN,White County,state
18183,IN,Whitley County,state
19000,IA,Iowa,state
19001,IA,Adair County,state
19003,IA,Adams County,state
19005,IA,Allamakee County,state
19007,IA,Appanoose County,state
19009,IA,Audubon County,state
19011,IA,Benton County,state
19013,IA,Black Hawk County,state
19015,IA,Boone County,state
19017,IA,Bremer County,state
19019,IA,Buchanan County,state
19021,IA,Buena Vista County,state
19023,IA,Butler County,state
19025,IA,Calhoun County,state
19027,IA,Carroll County,state
19029,IA,Cass County,state
19031,IA,Cedar County,state
19033,IA,Cerro Gordo County,state
19035,IA,Cherokee County,state
19037,IA,Chickasaw County,state
19039,IA,Clarke County,state
19041,IA,Clay County,state
19043,IA,Clayton County,state
19045,IA,Clinton County,state
19047,IA,Crawford County,state
19049,IA,Dallas County,state
19051,IA,Davis County,state
19053,IA,Decatur County,state
19055,IA,Delaware County,state
19057,IA,Des Moines County,state
19059,IA,Dickinson County,state
19061,IA,Dubuque County,state
19063,IA,Emmet County,state
19065,IA,Fayette County,state
19067,IA,Floyd County,state
19069,IA,Franklin County,state
19071,IA,Fremont County,state
19073,IA,Greene County,state
19075,IA,Grundy County,state
19077,IA,Guthrie County,state
19079,IA,Hamilton County,state
19081,IA,Hancock County,state
19083,IA,Hardin County,state
19085,IA,Harrison County,state
19087,IA,Henry County,state
19089,IA,Howard County,state
19091,IA,Humboldt County,state
19093,IA,Ida County,state
19095,IA,Iowa County,state
19097,IA,Jackson County,state
19099,IA,Jasper County,state
19101,IA,Jefferson County,state
19103,IA,Johnson County,state
19105,IA,Jones County,state
19107,IA,Keokuk County,state
19109,IA,Kossuth County,state
19111,IA,Lee County,state
19113,IA,Linn County,state
19115,IA,Louisa County,state
19117,IA,Lucas County,state
19119,IA,Lyon County,state
19121,IA,Madison County,state
19123,IA,Mahaska County,state
19125,IA,Marion County,state
19127,IA,Marshall County,state
19129,IA,Mills County,state
19131,IA,Mitchell County,state
19133,IA,Monona County,state
19135,IA,Monroe County,state
19137,IA,Montgomery County,state
19139,IA,Muscatine County,state
19141,IA,O'Brien County,state
19143,IA,Osceola County,state
19145,IA,Page County,state
19147,IA,Palo Alto County,state
19149,IA,Plymouth County,state
19151,IA,Pocahontas County,state
19153,IA,Polk County,state
19155,IA,Pottawattamie County,state
19157,IA,Poweshiek County,state
19159,IA,Ringgold County,state
19161,IA,Sac County,state
19163,IA,Scott County,state
19165,IA,Shelby County,state
19167,IA,Sioux County,state
19169,IA,Story County,state
19171,IA,Tama County,state
19173,IA,Taylor County,state
19175,IA,Union County,state
19177,IA,Van Buren County,state
19179,IA,Wapello County,state
19181,IA,Warren County,state
19183,IA,Washington County,state
19185,IA,Wayne County,state
19187,IA,Webster County,state
19189,IA,Winnebago County,state
19191,IA,Winneshiek County,state
19193,IA,Woodbury County,state
19195,IA,Worth County,state
19197,IA,Wright County,state
20000,KS,Kansas,state
20001,KS,Allen County,state
20003,KS,Anderson County,state
20005,KS,Atchison County,state
20007,KS,Barber County,state
20009,KS,Barton County,state
20011,KS,Bourbon County,state
20013,KS,Brown County,state
20015,KS,Butler County,state
20017,KS,Chase County,state
20019,KS,Chautauqua County,state
20021,KS,Cherokee County,state
20023,KS,Cheyenne County,state
20025,KS,Clark County,state
20027,KS,Clay County,state
20029,KS,Cloud County,state
20031,KS,Coffey County,state
20033,KS,Comanche County,state
20035,KS,Cowley County,state
20037,KS,Crawford County,state
20039,KS,Decatur County,state
20041,KS,Dickinson County,state
20043,KS,Doniphan County,state
20045,KS,Douglas County,state
20047,KS,Edwards County,state
20049,KS,Elk County,state
20051,KS,Ellis County,state
20053,KS,Ellsworth County,state
20055,KS,Finney County,state
20057,KS,Ford County,state
20059,KS,Franklin County,state
20061,KS,Geary County,state
20063,KS,Gove County,state
20065,KS,Graham County,state
20067,KS,Grant County,state
20069,KS,Gray County,state
20071,KS,Greeley County,state
20073,KS,Greenwood County,state
20075,KS,Hamilton County,state
20077,KS,Harper County,state
20079,KS,Harvey County,state
20081,KS,Haskell County,state
20083,KS,Hodgeman County,state
20085,KS,Jackson County,state
20087,KS,Jefferson County,state
20089,KS,Jewell County,state
20091,KS,Johnson County,state
20093,KS,Kearny County,state
20095,KS,Kingman County,state
20097,KS,Kiowa County,state
20099,KS,Labette County,state
20101,KS,Lane County,state
20103,KS,Leavenworth County,state
20105,KS,Lincoln County,state
20107,KS,Linn County,state
20109,KS,Logan County,state
20111,KS,Lyon County,state
20113,KS,McPherson County,state
20115,KS,Marion County,state
20117,KS,Marshall County,state
20119,KS,Meade County,state
20121,KS,Miami County,state
20123,KS,Mitchell County,state
20125,KS,Montgomery County,state
20127,KS,Morris County,state
20129,KS,Morton County,state
20131,KS,Nemaha County,state
20133,KS,Neosho County,state
20135,KS,Ness County,state
20137,KS,Norton County,state
20139,KS,Osage County,state
20141,KS,Osborne County,state
20143,KS,Ottawa County,state
20145,KS,Pawnee County,state
20147,KS,Phillips County,state
20149,KS,Pottawatomie County,state
20151,KS,Pratt County,state
20153,KS,Rawlins County,state
20155,KS,Reno County,state
20157,KS,Republic County,state
20159,KS,Rice County,state
20161,KS,Riley County,state
20163,KS,Rooks County,state
20165,KS,Rush County,state
20167,KS,Russell County,state
20169,KS,Saline County,state
20171,KS,Scott County,state
20173,KS,Sedgwick County,state
20175,KS,Seward County,state
20177,KS,Shawnee County,state
20179,KS,Sheridan County,state
20181,KS,Sherman County,state
20183,KS,Smith County,state
20185,KS,Stafford County,state
20187,KS,Stanton County,state
20189,KS,Stevens County,state
20191,KS,Sumner County,state
20193,KS,Thomas County,state
20195,KS,Trego County,state
20197,KS,Wabaunsee County,state
20199,KS,Wallace County,state
20201,KS,Washington County,state
20203,KS,Wichita County,state
20205,KS,Wilson County,state
20207,KS,Woodson County,state
20209,KS,Wyandotte County,state
21000,KY,Kentucky,state
21001,KY,Adair County,state
21003,KY,Allen County,state
21005,KY,Anderson County,state
21007,KY,Ballard County,state
21009,KY,Barren County,state
21011,KY,Bath County,state
21013,KY,Bell County,state
21015,KY,Boone County,state
21017,KY,Bourbon County,state
21019,KY,Boyd County,state
21021,KY,Boyle County,state
21023,KY,Bracken County,state
21025,KY,Breathitt County,state
21027,KY,Breckinridge County,state
21029,KY,Bullitt County,state
21031,KY,Butler County,state
21033,KY,Caldwell County,state
21035,KY,Calloway County,state
21037,KY,Campbell County,state
21039,KY,Carlisle County,state
21041,KY,Carroll County,state
21043,KY,Carter County,state
21045,KY,Casey County,state
21047,KY,Christian County,state
21049,KY,Clark County,state
21051,KY,Clay County,state
21053,KY,Clinton County,state
21055,KY,Crittenden County,state
21057,KY,Cumberland County,state
21059,KY,Daviess County,state
21061,KY,Edmonson County,state
21063,KY,Elliott County,state
21065,KY,Estill County,state
21067,KY,Fayette County,state
21069,KY,Fleming County,state
21071,KY,Floyd County,state
21073,KY,Franklin County,state
21075,KY,Fulton County,state
21077,KY,Gallatin County,state
21079,KY,Garrard County,state
21081,KY,Grant County,state
21083,KY,Graves County,state
21085,KY,Grayson County,state
21087,KY,Green County,state
21089,KY,Greenup County,state
21091,KY,Hancock County,state
21093,KY,Hardin County,state
21095,KY,Harlan County,state
21097,KY,Harrison County,state
21099,KY,Hart County,state
21101,KY,Henderson County,state
21103,KY,Henry County,state
21105,KY,Hickman County,state
21107,KY,Hopkins County,state
21109,KY,Jackson County,state
21111,KY,Jefferson County,state
21113,KY,Jessamine County,state
21115,KY,Johnson County,state
21117,KY,Kenton County,state
21119,KY,Knott County,state
21121,KY,Knox County,state
21123,KY,Larue County,state
21125,KY,Laurel County,state
21127,KY,Lawrence County,state
21129,KY,Lee County,state
21131,KY,Leslie County,state
21133,KY,Letcher County,state
21135,KY,Lewis County,state
21137,KY,Lincoln County,state
21139,KY,Livingston County,state
21141,KY,Logan County,state
21143,KY,Lyon County,state
21145,KY,McCracken County,state
21147,KY,McCreary County,state
21149,KY,McLean County,state
21151,KY,Madison County,state
21153,KY,Magoffin County,state
21155,KY,Marion County,state
21157,KY,Marshall County,state
21159,KY,Martin County,state
21161,KY,Mason County,state
21163,KY,Meade County,state
21165,KY,Menifee County,state
21167,KY,Mercer County,state
21169,KY,Metcalfe County,state
21171,KY,Monroe County,state
21173,KY,Montgomery County,state
21175,KY,Morgan County,state
21177,KY,Muhlenberg County,state
21179,KY,Nelson County,state
21181,KY,Nicholas County,state
21183,KY,Ohio County,state
21185,KY,Oldham County,state
21187,KY,Owen County,state
21189,KY,Owsley County,state
21191,KY,Pendleton County,state
21193,KY,Perry County,state
21195,KY,Pike County,state
21197,KY,Powell County,state
21199,KY,Pulaski County,state
21201,KY,Robertson County,state
21203,KY,Rockcastle County,state
21205,KY,Rowan County,state
21207,KY,Russell County,state
21209,KY,Scott County,state
21211,KY,Shelby County,state
21213,KY,Simpson County,state
21215,KY,Spencer County,state
21217,KY,Taylor County,state
21219,KY,Todd County,state
21221,KY,Trigg County,state
21223,KY,Trimble County,state
21225,KY,Union County,state
21227,KY,Warren County,state
21229,KY,Washington County,state
21231,KY,Wayne County,state
21233,KY,Webster County,state
21235,KY,Whitley County,state
21237,KY,Wolfe County,state
21239,KY,Woodford County,state
22000,LA,Lousiana,state
22001,LA,Acadia Parish,state
22003,LA,Allen Parish,state
22005,LA,Ascension Parish,state
22007,LA,Assumption Parish,state
22009,LA,Avoyelles Parish,state
22011,LA,Beauregard Parish,state
22013,LA,Bienville Parish,state
22015,LA,Bossier Parish,state
22017,LA,Caddo Parish,state
22019,LA,Calcasieu Parish,state
22021,LA,Caldwell Parish,state
22023,LA,Cameron Parish,state
22025,LA,Catahoula Parish,state
22027,LA,Claiborne Parish,state
22029,LA,Concordia Parish,state
22031,LA,De Soto Parish,state
22033,LA,East Baton Rouge Parish,state
22035,LA,East Carroll Parish,state
22037,LA,East Feliciana Parish,state
22039,LA,Evangeline Parish,state
22041,LA,Franklin Parish,state
22043,LA,Grant Parish,state
22045,LA,Iberia Parish,state
22047,LA,Iberville Parish,state
22049,LA,Jackson Parish,state
22051,LA,Jefferson Parish,state
22053,LA,Jefferson Davis Parish,state
22055,LA,Lafayette Parish,state
22057,LA,Lafourche Parish,state
22059,LA,La Salle Parish,state
22061,LA,Lincoln Parish,state
22063,LA,Livingston Parish,state
22065,LA,Madison Parish,state
22067,LA,Morehouse Parish,state
22069,LA,Natchitoches Parish,state
22071,LA,Orleans Parish,state
22073,LA,Ouachita Parish,state
22075,LA,Plaquemines Parish,state
22077,LA,Pointe Coupee Parish,state
22079,LA,Rapides Parish,state
22081,LA,Red River Parish,state
22083,LA,Richland Parish,state
22085,LA,Sabine Parish,state
22087,LA,St. Bernard Parish,state
22089,LA,St. Charles Parish,state
22091,LA,St. Helena Parish,state
22093,LA,St. James Parish,state
22095,LA,St. John the Baptist Parish,state
22097,LA,St. Landry Parish,state
22099,LA,St. Martin Parish,state
22101,LA,St. Mary Parish,state
22103,LA,St. Tammany Parish,state
22105,LA,Tangipahoa Parish,state
22107,LA,Tensas Parish,state
22109,LA,Terrebonne Parish,state
22111,LA,Union Parish,state
22113,LA,Vermilion Parish,state
22115,LA,Vernon Parish,state
22117,LA,Washington Parish,state
22119,LA,Webster Parish,state
22121,LA,West Baton Rouge Parish,state
22123,LA,West Carroll Parish,state
22125,LA,West Feliciana Parish,state
22127,LA,Winn Parish,state
23000,ME,Maine,state
23001,ME,Androscoggin County,state
23003,ME,Aroostook County,state
23005,ME,Cumberland County,state
23007,ME,Franklin County,state
23009,ME,Hancock County,state
23011,ME,Kennebec County,state
23013,ME,Knox County,state
23015,ME,Lincoln County,state
23017,ME,Oxford County,state
23019,ME,Penobscot County,state
23021,ME,Piscataquis County,state
23023,ME,Sagadahoc County,state
23025,ME,Somerset County,state
23027,ME,Waldo County,state
23029,ME,Washington County,state
23031,ME,York County,state
24000,MD,Maryland,state
24001,MD,Allegany County,state
24003,MD,Anne Arundel County,state
24005,MD,Baltimore County,state
24009,MD,Calvert County,state
24011,MD,Caroline County,state
24013,MD,Carroll County,state
24015,MD,Cecil County,state
24017,MD,Charles County,state
24019,MD,Dorchester County,state
24021,MD,Frederick County,state
24023,MD,Garrett County,state
24025,MD,Harford County,state
24027,MD,Howard County,state
24029,MD,Kent County,state
24031,MD,Montgomery County,state
24033,MD,Prince George's County,state
24035,MD,Queen Anne's County,state
24037,MD,St. Mary's County,state
24039,MD,Somerset County,state
24041,MD,Talbot County,state
24043,MD,Washington County,state
24045,MD,Wicomico County,state
24047,MD,Worcester County,state
24510,MD,Baltimore city,state
25000,MA,Massachusetts,state
25001,MA,Barnstable County,state
25003,MA,Berkshire County,state
25005,MA,Bristol County,state
25007,MA,Dukes County,state
25009,MA,Essex County,state
25011,MA,Franklin County,state
25013,MA,Hampden County,state
25015,MA,Hampshire County,state
25017,MA,Middlesex County,state
25019,MA,Nantucket County,state
25021,MA,Norfolk County,state
25023,MA,Plymouth County,state
25025,MA,Suffolk County,state
25027,MA,Worcester County,state
26000,MI,Michigan,state
26001,MI,Alcona County,state
26003,MI,Alger County,state
26005,MI,Allegan County,state
26007,MI,Alpena County,state
26009,MI,Antrim County,state
26011,MI,Arenac County,state
26013,MI,Baraga County,state
26015,MI,Barry County,state
26017,MI,Bay County,state
26019,MI,Benzie County,state
26021,MI,Berrien County,state
26023,MI,Branch County,state
26025,MI,Calhoun County,state
26027,MI,Cass County,state
26029,MI,Charlevoix County,state
26031,MI,Cheboygan County,state
26033,MI,Chippewa County,state
26035,MI,Clare County,state
26037,MI,Clinton County,state
26039,MI,Crawford County,state
26041,MI,Delta County,state
26043,MI,Dickinson County,state
26045,MI,Eaton County,state
26047,MI,Emmet County,state
26049,MI,Genesee County,state
26051,MI,Gladwin County,state
26053,MI,Gogebic County,state
26055,MI,Grand Traverse County,state
26057,MI,Gratiot County,state
26059,MI,Hillsdale County,state
26061,MI,Houghton County,state
26063,MI,Huron County,state
26065,MI,Ingham County,state
26067,MI,Ionia County,state
26069,MI,Iosco County,state
26071,MI,Iron County,state
26073,MI,Isabella County,state
26075,MI,Jackson County,state
26077,MI,Kalamazoo County,state
26079,MI,Kalkaska County,state
26081,MI,Kent County,state
26083,MI,Keweenaw County,state
26085,MI,Lake County,state
26087,MI,Lapeer County,state
26089,MI,Leelanau County,state
26091,MI,Lenawee County,state
26093,MI,Livingston County,state
26095,MI,Luce County,state
26097,MI,Mackinac County,state
26099,MI,Macomb County,state
26101,MI,Manistee County,state
26103,MI,Marquette County,state
26105,MI,Mason County,state
26107,MI,Mecosta County,state
26109,MI,Menominee County,state
26111,MI,Midland County,state
26113,MI,Missaukee County,state
26115,MI,Monroe County,state
26117,MI,Montcalm County,state
26119,MI,Montmorency County,state
26121,MI,Muskegon County,state
26123,MI,Newaygo County,state
26125,MI,Oakland County,state
26127,MI,Oceana County,state
26129,MI,Ogemaw County,state
26131,MI,Ontonagon County,state
26133,MI,Osceola County,state
26135,MI,Oscoda County,state
26137,MI,Otsego County,state
26139,MI,Ottawa County,state
26141,MI,Presque Isle County,state
26143,MI,Roscommon County,state
26145,MI,Saginaw County,state
26147,MI,St. Clair County,state
26149,MI,St. Joseph County,state
26151,MI,Sanilac County,state
26153,MI,Schoolcraft County,state
26155,MI,Shiawassee County,state
26157,MI,Tuscola County,state
26159,MI,Van Buren County,state
26161,MI,Washtenaw County,state
26163,MI,Wayne County,state
26165,MI,Wexford County,state
27000,MN,Minnesota,state
27001,MN,Aitkin County,state
27003,MN,Anoka County,state
27005,MN,Becker County,state
27007,MN,Beltrami County,state
27009,MN,Benton County,state
27011,MN,Big Stone County,state
27013,MN,Blue Earth County,state
27015,MN,Brown County,state
27017,MN,Carlton County,state
27019,MN,Carver County,state
27021,MN,Cass County,state
27023,MN,Chippewa County,state
27025,MN,Chisago County,state
27027,MN,Clay County,state
27029,MN,Clearwater County,state
27031,MN,Cook County,state
27033,MN,Cottonwood County,state
27035,MN,Crow Wing County,state
27037,MN,Dakota County,state
27039,MN,Dodge County,state
27041,MN,Douglas County,state
27043,MN,Faribault County,state
27045,MN,Fillmore County,state
27047,MN,Freeborn County,state
27049,MN,Goodhue County,state
27051,MN,Grant County,state
27053,MN,Hennepin County,state
27055,MN,Houston County,state
27057,MN,Hubbard County,state
27059,MN,Isanti County,state
27061,MN,Itasca County,state
27063,MN,Jackson County,state
27065,MN,Kanabec County,state
27067,MN,Kandiyohi County,state
27069,MN,Kittson County,state
27071,MN,Koochiching County,state
27073,MN,Lac qui Parle County,state
27075,MN,Lake County,state
27077,MN,Lake of the Woods County,state
27079,MN,Le Sueur County,state
27081,MN,Lincoln County,state
27083,MN,Lyon County,state
27085,MN,McLeod County,state
27087,MN,Mahnomen County,state
27089,MN,Marshall County,state
27091,MN,Martin County,state
27093,MN,Meeker County,state
27095,MN,Mille Lacs County,state
27097,MN,Morrison County,state
27099,MN,Mower County,state
27101,MN,Murray County,state
27103,MN,Nicollet County,state
27105,MN,Nobles County,state
27107,MN,Norman County,state
27109,MN,Olmsted County,state
27111,MN,Otter Tail County,state
27113,MN,Pennington County,state
27115,MN,Pine County,state
27117,MN,Pipestone County,state
27119,MN,Polk County,state
27121,MN,Pope County,state
27123,MN,Ramsey County,state
27125,MN,Red Lake County,state
27127,MN,Redwood County,state
27129,MN,Renville County,state
27131,MN,Rice County,state
27133,MN,Rock County,state
27135,MN,Roseau County,state
27137,MN,St. Louis County,state
27139,MN,Scott County,state
27141,MN,Sherburne County,state
27143,MN,Sibley County,state
27145,MN,Stearns County,state
27147,MN,Steele County,state
27149,MN,Stevens County,state
27151,MN,Swift County,state
27153,MN,Todd County,state
27155,MN,Traverse County,state
27157,MN,Wabasha County,state
27159,MN,Wadena County,state
27161,MN,Waseca County,state
27163,MN,Washington County,state
27165,MN,Watonwan County,state
27167,MN,Wilkin County,state
27169,MN,Winona County,state
27171,MN,Wright County,state
27173,MN,Yellow Medicine County,state
28000,MS,Mississippi,state
28001,MS,Adams County,state
28003,MS,Alcorn County,state
28005,MS,Amite County,state
28007,MS,Attala County,state
28009,MS,Benton County,state
28011,MS,Bolivar County,state
28013,MS,Calhoun County,state
28015,MS,Carroll County,state
28017,MS,Chickasaw County,state
28019,MS,Choctaw County,state
28021,MS,Claiborne County,state
28023,MS,Clarke County,state
28025,MS,Clay County,state
28027,MS,Coahoma County,state
28029,MS,Copiah County,state
28031,MS,Covington County,state
28033,MS,DeSoto County,state
28035,MS,Forrest County,state
28037,MS,Franklin County,state
28039,MS,George County,state
28041,MS,Greene County,state
28043,MS,Grenada County,state
28045,MS,Hancock County,state
28047,MS,Harrison County,state
28049,MS,Hinds County,state
28051,MS,Holmes County,state
28053,MS,Humphreys County,state
28055,MS,Issaquena County,state
28057,MS,Itawamba County,state
28059,MS,Jackson County,state
28061,MS,Jasper County,state
28063,MS,Jefferson County,state
28065,MS,Jefferson Davis County,state
28067,MS,Jones County,state
28069,MS,Kemper County,state
28071,MS,Lafayette County,state
28073,MS,Lamar County,state
28075,MS,Lauderdale County,state
28077,MS,Lawrence County,state
28079,MS,Leake County,state
28081,MS,Lee County,state
28083,MS,Leflore County,state
28085,MS,Lincoln County,state
28087,MS,Lowndes County,state
28089,MS,Madison County,state
28091,MS,Marion County,state
28093,MS,Marshall County,state
28095,MS,Monroe County,state
28097,MS,Montgomery County,state
28099,MS,Neshoba County,state
28101,MS,Newton County,state
28103,MS,Noxubee County,state
28105,MS,Oktibbeha County,state
28107,MS,Panola County,state
28109,MS,Pearl River County,state
28111,MS,Perry County,state
28113,MS,Pike County,state
28115,MS,Pontotoc County,state
28117,MS,Prentiss County,state
28119,MS,Quitman County,state
28121,MS,Rankin County,state
28123,MS,Scott County,state
28125,MS,Sharkey County,state
28127,MS,Simpson County,state
28129,MS,Smith County,state
28131,MS,Stone County,state
28133,MS,Sunflower County,state
28135,MS,Tallahatchie County,state
28137,MS,Tate County,state
28139,MS,Tippah County,state
28141,MS,Tishomingo County,state
28143,MS,Tunica County,state
28145,MS,Union County,state
28147,MS,Walthall County,state
28149,MS,Warren County,state
28151,MS,Washington County,state
28153,MS,Wayne County,state
28155,MS,Webster County,state
28157,MS,Wilkinson County,state
28159,MS,Winston County,state
28161,MS,Yalobusha County,state
28163,MS,Yazoo County,state
29000,MO,Missouri,state
29001,MO,Adair County,state
29003,MO,Andrew County,state
29005,MO,Atchison County,state
29007,MO,Audrain County,state
29009,MO,Barry County,state
29011,MO,Barton County,state
29013,MO,Bates County,state
29015,MO,Benton County,state
29017,MO,Bollinger County,state
29019,MO,Boone County,state
29021,MO,Buchanan County,state
29023,MO,Butler County,state
29025,MO,Caldwell County,state
29027,MO,Callaway County,state
29029,MO,Camden County,state
29031,MO,Cape Girardeau County,state
29033,MO,Carroll County,state
29035,MO,Carter County,state
29037,MO,Cass County,state
29039,MO,Cedar County,state
29041,MO,Chariton County,state
29043,MO,Christian County,state
29045,MO,Clark County,state
29047,MO,Clay County,state
29049,MO,Clinton County,state
29051,MO,Cole County,state
29053,MO,Cooper County,state
29055,MO,Crawford County,state
29057,MO,Dade County,state
29059,MO,Dallas County,state
29061,MO,Daviess County,state
29063,MO,DeKalb County,state
29065,MO,Dent County,state
29067,MO,Douglas County,state
29069,MO,Dunklin County,state
29071,MO,Franklin County,state
29073,MO,Gasconade County,state
29075,MO,Gentry County,state
29077,MO,Greene County,state
29079,MO,Grundy County,state
29081,MO,Harrison County,state
29083,MO,Henry County,state
29085,MO,Hickory County,state
29087,MO,Holt County,state
29089,MO,Howard County,state
29091,MO,Howell County,state
29093,MO,Iron County,state
29095,MO,Jackson County,state
29097,MO,Jasper County,state
29099,MO,Jefferson County,state
29101,MO,Johnson County,state
29103,MO,Knox County,state
29105,MO,Laclede County,state
29107,MO,Lafayette County,state
29109,MO,Lawrence County,state
29111,MO,Lewis County,state
29113,MO,Lincoln County,state
29115,MO,Linn County,state
29117,MO,Livingston County,state
29119,MO,McDonald County,state
29121,MO,Macon County,state
29123,MO,Madison County,state
29125,MO,Maries County,state
29127,MO,Marion County,state
29129,MO,Mercer County,state
29131,MO,Miller County,state
29133,MO,Mississippi County,state
29135,MO,Moniteau County,state
29137,MO,Monroe County,state
29139,MO,Montgomery County,state
29141,MO,Morgan County,state
29143,MO,New Madrid County,state
29145,MO,Newton County,state
29147,MO,Nodaway County,state
29149,MO,Oregon County,state
29151,MO,Osage County,state
29153,MO,Ozark County,state
29155,MO,Pemiscot County,state
29157,MO,Perry County,state
29159,MO,Pettis County,state
29161,MO,Phelps County,state
29163,MO,Pike County,state
29165,MO,Platte County,state
29167,MO,Polk County,state
29169,MO,Pulaski County,state
29171,MO,Putnam County,state
29173,MO,Ralls County,state
29175,MO,Randolph County,state
29177,MO,Ray County,state
29179,MO,Reynolds County,state
29181,MO,Ripley County,state
29183,MO,St. Charles County,state
29185,MO,St. Clair County,state
29186,MO,Ste. Genevieve County,state
29187,MO,St. Francois County,state
29189,MO,St. Louis County,state
29195,MO,Saline County,state
29197,MO,Schuyler County,state
29199,MO,Scotland County,state
29201,MO,Scott County,state
29203,MO,Shannon County,state
29205,MO,Shelby County,state
29207,MO,Stoddard County,state
29209,MO,Stone County,state
29211,MO,Sullivan County,state
29213,MO,Taney County,state
29215,MO,Texas County,state
29217,MO,Vernon County,state
29219,MO,Warren County,state
29221,MO,Washington County,state
29223,MO,Wayne County,state
29225,MO,Webster County,state
29227,MO,Worth County,state
29229,MO,Wright County,state
29510,MO,St. Louis city,state
30000,MT,Montana,state
30001,MT,Beaverhead County,state
30003,MT,Big Horn County,state
30005,MT,Blaine County,state
30007,MT,Broadwater County,state
30009,MT,Carbon County,state
30011,MT,Carter County,state
30013,MT,Cascade County,state
30015,MT,Chouteau County,state
30017,MT,Custer County,state
30019,MT,Daniels County,state
30021,MT,Dawson County,state
30023,MT,Deer Lodge County,state
30025,MT,Fallon County,state
30027,MT,Fergus County,state
30029,MT,Flathead County,state
30031,MT,Gallatin County,state
30033,MT,Garfield County,state
30035,MT,Glacier County,state
30037,MT,Golden Valley County,state
30039,MT,Granite County,state
30041,MT,Hill County,state
30043,MT,Jefferson County,state
30045,MT,Judith Basin County,state
30047,MT,Lake County,state
30049,MT,Lewis and Clark County,state
30051,MT,Liberty County,state
30053,MT,Lincoln County,state
30055,MT,McCone County,state
30057,MT,Madison County,state
30059,MT,Meagher County,state
30061,MT,Mineral County,state
30063,MT,Missoula County,state
30065,MT,Musselshell County,state
30067,MT,Park County,state
30069,MT,Petroleum County,state
30071,MT,Phillips County,state
30073,MT,Pondera County,state
30075,MT,Powder River County,state
30077,MT,Powell County,state
30079,MT,Prairie County,state
30081,MT,Ravalli County,state
30083,MT,Richland County,state
30085,MT,Roosevelt County,state
30087,MT,Rosebud County,state
30089,MT,Sanders County,state
30091,MT,Sheridan County,state
30093,MT,Silver Bow County,state
30095,MT,Stillwater County,state
30097,MT,Sweet Grass County,state
30099,MT,Teton County,state
30101,MT,Toole County,state
30103,MT,Treasure County,state
30105,MT,Valley County,state
30107,MT,Wheatland County,state
30109,MT,Wibaux County,state
30111,MT,Yellowstone County,state
30113,MT,Yellowstone National Park,state
31000,NE,Nebraska,state
31001,NE,Adams County,state
31003,NE,Antelope County,state
31005,NE,Arthur County,state
31007,NE,Banner County,state
31009,NE,Blaine County,state
31011,NE,Boone County,state
31013,NE,Box Butte County,state
31015,NE,Boyd County,state
31017,NE,Brown County,state
31019,NE,Buffalo County,state
31021,NE,Burt County,state
31023,NE,Butler County,state
31025,NE,Cass County,state
31027,NE,Cedar County,state
31029,NE,Chase County,state
31031,NE,Cherry County,state
31033,NE,Cheyenne County,state
31035,NE,Clay County,state
31037,NE,Colfax County,state
31039,NE,Cuming County,state
31041,NE,Custer County,state
31043,NE,Dakota County,state
31045,NE,Dawes County,state
31047,NE,Dawson County,state
31049,NE,Deuel County,state
31051,NE,Dixon County,state
31053,NE,Dodge County,state
31055,NE,Douglas County,state
31057,NE,Dundy County,state
31059,NE,Fillmore County,state
31061,NE,Franklin County,state
31063,NE,Frontier County,state
31065,NE,Furnas County,state
31067,NE,Gage County,state
31069,NE,Garden County,state
31071,NE,Garfield County,state
31073,NE,Gosper County,state
31075,NE,Grant County,state
31077,NE,Greeley County,state
31079,NE,Hall County,state
31081,NE,Hamilton County,state
31083,NE,Harlan County,state
31085,NE,Hayes County,state
31087,NE,Hitchcock County,state
31089,NE,Holt County,state
31091,NE,Hooker County,state
31093,NE,Howard County,state
31095,NE,Jefferson County,state
31097,NE,Johnson County,state
31099,NE,Kearney County,state
31101,NE,Keith County,state
31103,NE,Keya Paha County,state
31105,NE,Kimball County,state
31107,NE,Knox County,state
31109,NE,Lancaster County,state
31111,NE,Lincoln County,state
31113,NE,Logan County,state
31115,NE,Loup County,state
31117,NE,McPherson County,state
31119,NE,Madison County,state
31121,NE,Merrick County,state
31123,NE,Morrill County,state
31125,NE,Nance County,state
31127,NE,Nemaha County,state
31129,NE,Nuckolls County,state
31131,NE,Otoe County,state
31133,NE,Pawnee County,state
31135,NE,Perkins County,state
31137,NE,Phelps County,state
31139,NE,Pierce County,state
31141,NE,Platte County,state
31143,NE,Polk County,state
31145,NE,Red Willow County,state
31147,NE,Richardson County,state
31149,NE,Rock County,state
31151,NE,Saline County,state
31153,NE,Sarpy County,state
31155,NE,Saunders County,state
31157,NE,Scotts Bluff County,state
31159,NE,Seward County,state
31161,NE,Sheridan County,state
31163,NE,Sherman County,state
31165,NE,Sioux County,state
31167,NE,Stanton County,state
31169,NE,Thayer County,state
31171,NE,Thomas County,state
31173,NE,Thurston County,state
31175,NE,Valley County,state
31177,NE,Washington County,state
31179,NE,Wayne County,state
31181,NE,Webster County,state
31183,NE,Wheeler County,state
31185,NE,York County,state
32000,NV,Nevada,state
32001,NV,Churchill County,state
32003,NV,Clark County,state
32005,NV,Douglas County,state
32007,NV,Elko County,state
32009,NV,Esmeralda County,state
32011,NV,Eureka County,state
32013,NV,Humboldt County,state
32015,NV,Lander County,state
32017,NV,Lincoln County,state
32019,NV,Lyon County,state
32021,NV,Mineral County,state
32023,NV,Nye County,state
32027,NV,Pershing County,state
32029,NV,Storey County,state
32031,NV,Washoe County,state
32033,NV,White Pine County,state
32510,NV,Carson City,state
33000,NH,New Hampshire,state
33001,NH,Belknap County,state
33003,NH,Carroll County,state
33005,NH,Cheshire County,state
33007,NH,Coos County,state
33009,NH,Grafton County,state
33011,NH,Hillsborough County,state
33013,NH,Merrimack County,state
33015,NH,Rockingham County,state
33017,NH,Strafford County,state
33019,NH,Sullivan County,state
34000,NJ,New Jersey,state
34001,NJ,Atlantic County,state
34003,NJ,Bergen County,state
34005,NJ,Burlington County,state
34007,NJ,Camden County,state
34009,NJ,Cape May County,state
34011,NJ,Cumberland County,state
34013,NJ,Essex County,state
34015,NJ,Gloucester County,state
34017,NJ,Hudson County,state
34019,NJ,Hunterdon County,state
34021,NJ,Mercer County,state
34023,NJ,Middlesex County,state
34025,NJ,Monmouth County,state
34027,NJ,Morris County,state
34029,NJ,Ocean County,state
34031,NJ,Passaic County,state
34033,NJ,Salem County,state
34035,NJ,Somerset County,state
34037,NJ,Sussex County,state
34039,NJ,Union County,state
34041,NJ,Warren County,state
35000,NM,New Mexico,state
35001,NM,Bernalillo County,state
35003,NM,Catron County,state
35005,NM,Chaves County,state
35006,NM,Cibola County,state
35007,NM,Colfax County,state
35009,NM,Curry County,state
35011,NM,De Baca County,state
35013,NM,Dona Ana County,state
35015,NM,Eddy County,state
35017,NM,Grant County,state
35019,NM,Guadalupe County,state
35021,NM,Harding County,state
35023,NM,Hidalgo County,state
35025,NM,Lea County,state
35027,NM,Lincoln County,state
35028,NM,Los Alamos County,state
35029,NM,Luna County,state
35031,NM,McKinley County,state
35033,NM,Mora County,state
35035,NM,Otero County,state
35037,NM,Quay County,state
35039,NM,Rio Arriba County,state
35041,NM,Roosevelt County,state
35043,NM,Sandoval County,state
35045,NM,San Juan County,state
35047,NM,San Miguel County,state
35049,NM,Santa Fe County,state
35051,NM,Sierra County,state
35053,NM,Socorro County,state
35055,NM,Taos County,state
35057,NM,Torrance County,state
35059,NM,Union County,state
35061,NM,Valencia County,state
36000,NY,New York,state
36001,NY,Albany County,state
36003,NY,Allegany County,state
36005,NY,Bronx County,state
36007,NY,Broome County,state
36009,NY,Cattaraugus County,state
36011,NY,Cayuga County,state
36013,NY,Chautauqua County,state
36015,NY,Chemung County,state
36017,NY,Chenango County,state
36019,NY,Clinton County,state
36021,NY,Columbia County,state
36023,NY,Cortland County,state
36025,NY,Delaware County,state
36027,NY,Dutchess County,state
36029,NY,Erie County,state
36031,NY,Essex County,state
36033,NY,Franklin County,state
36035,NY,Fulton County,state
36037,NY,Genesee County,state
36039,NY,Greene County,state
36041,NY,Hamilton County,state
36043,NY,Herkimer County,state
36045,NY,Jefferson County,state
36047,NY,Kings County,state
36049,NY,Lewis County,state
36051,NY,Livingston County,state
36053,NY,Madison County,state
36055,NY,Monroe County,state
36057,NY,Montgomery County,state
36059,NY,Nassau County,state
36061,NY,New York County,state
36063,NY,Niagara County,state
36065,NY,Oneida County,state
36067,NY,Onondaga County,state
36069,NY,Ontario County,state
36071,NY,Orange County,state
36073,NY,Orleans County,state
36075,NY,Oswego County,state
36077,NY,Otsego County,state
36079,NY,Putnam County,state
36081,NY,Queens County,state
36083,NY,Rensselaer County,state
36085,NY,Richmond County,state
36087,NY,Rockland County,state
36089,NY,St. Lawrence County,state
36091,NY,Saratoga County,state
36093,NY,Schenectady County,state
36095,NY,Schoharie County,state
36097,NY,Schuyler County,state
36099,NY,Seneca County,state
36101,NY,Steuben County,state
36103,NY,Suffolk County,state
36105,NY,Sullivan County,state
36107,NY,Tioga County,state
36109,NY,Tompkins County,state
36111,NY,Ulster County,state
36113,NY,Warren County,state
36115,NY,Washington County,state
36117,NY,Wayne County,state
36119,NY,Westchester County,state
36121,NY,Wyoming County,state
36123,NY,Yates County,state
37000,NC,North Carolina,state
37001,NC,Alamance County,state
37003,NC,Alexander County,state
37005,NC,Alleghany County,state
37007,NC,Anson County,state
37009,NC,Ashe County,state
37011,NC,Avery County,state
37013,NC,Beaufort County,state
37015,NC,Bertie County,state
37017,NC,Bladen County,state
37019,NC,Brunswick County,state
37021,NC,Buncombe County,state
37023,NC,Burke County,state
37025,NC,Cabarrus County,state
37027,NC,Caldwell County,state
37029,NC,Camden County,state
37031,NC,Carteret County,state
37033,NC,Caswell County,state
37035,NC,Catawba County,state
37037,NC,Chatham County,state
37039,NC,Cherokee County,state
37041,NC,Chowan County,state
37043,NC,Clay County,state
37045,NC,Cleveland County,state
37047,NC,Columbus County,state
37049,NC,Craven County,state
37051,NC,Cumberland County,state
37053,NC,Currituck County,state
37055,NC,Dare County,state
37057,NC,Davidson County,state
37059,NC,Davie County,state
37061,NC,Duplin County,state
37063,NC,Durham County,state
37065,NC,Edgecombe County,state
37067,NC,Forsyth County,state
37069,NC,Franklin County,state
37071,NC,Gaston County,state
37073,NC,Gates County,state
37075,NC,Graham County,state
37077,NC,Granville County,state
37079,NC,Greene County,state
37081,NC,Guilford County,state
37083,NC,Halifax County,state
37085,NC,Harnett County,state
37087,NC,Haywood County,state
37089,NC,Henderson County,state
37091,NC,Hertford County,state
37093,NC,Hoke County,state
37095,NC,Hyde County,state
37097,NC,Iredell County,state
37099,NC,Jackson County,state
37101,NC,Johnston County,state
37103,NC,Jones County,state
37105,NC,Lee County,state
37107,NC,Lenoir County,state
37109,NC,Lincoln County,state
37111,NC,McDowell County,state
37113,NC,Macon County,state
37115,NC,Madison County,state
37117,NC,Martin County,state
37119,NC,Mecklenburg County,state
37121,NC,Mitchell County,state
37123,NC,Montgomery County,state
37125,NC,Moore County,state
37127,NC,Nash County,state
37129,NC,New Hanover County,state
37131,NC,Northampton County,state
37133,NC,Onslow County,state
37135,NC,Orange County,state
37137,NC,Pamlico County,state
37139,NC,Pasquotank County,state
37141,NC,Pender County,state
37143,NC,Perquimans County,state
37145,NC,Person County,state
37147,NC,Pitt County,state
37149,NC,Polk County,state
37151,NC,Randolph County,state
37153,NC,Richmond County,state
37155,NC,Robeson County,state
37157,NC,Rockingham County,state
37159,NC,Rowan County,state
37161,NC,Rutherford County,state
37163,NC,Sampson County,state
37165,NC,Scotland County,state
37167,NC,Stanly County,state
37169,NC,Stokes County,state
37171,NC,Surry County,state
37173,NC,Swain County,state
37175,NC,Transylvania County,state
37177,NC,Tyrrell County,state
37179,NC,Union County,state
37181,NC,Vance County,state
37183,NC,Wake County,state
37185,NC,Warren County,state
37187,NC,Washington County,state
37189,NC,Watauga County,state
37191,NC,Wayne County,state
37193,NC,Wilkes County,state
37195,NC,Wilson County,state
37197,NC,Yadkin County,state
37199,NC,Yancey County,state
38000,ND,North Dakota,state
38001,ND,Adams County,state
38003,ND,Barnes County,state
38005,ND,Benson County,state
38007,ND,Billings County,state
38009,ND,Bottineau County,state
38011,ND,Bowman County,state
38013,ND,Burke County,state
38015,ND,Burleigh County,state
38017,ND,Cass County,state
38019,ND,Cavalier County,state
38021,ND,Dickey County,state
38023,ND,Divide County,state
38025,ND,Dunn County,state
38027,ND,Eddy County,state
38029,ND,Emmons County,state
38031,ND,Foster County,state
38033,ND,Golden Valley County,state
38035,ND,Grand Forks County,state
38037,ND,Grant County,state
38039,ND,Griggs County,state
38041,ND,Hettinger County,state
38043,ND,Kidder County,state
38045,ND,LaMoure County,state
38047,ND,Logan County,state
38049,ND,McHenry County,state
38051,ND,McIntosh County,state
38053,ND,McKenzie County,state
38055,ND,McLean County,state
38057,ND,Mercer County,state
38059,ND,Morton County,state
38061,ND,Mountrail County,state
38063,ND,Nelson County,state
38065,ND,Oliver County,state
38067,ND,Pembina County,state
38069,ND,Pierce County,state
38071,ND,Ramsey County,state
38073,ND,Ransom County,state
38075,ND,Renville County,state
38077,ND,Richland County,state
38079,ND,Rolette County,state
38081,ND,Sargent County,state
38083,ND,Sheridan County,state
38085,ND,Sioux County,state
38087,ND,Slope County,state
38089,ND,Stark County,state
38091,ND,Steele County,state
38093,ND,Stutsman County,state
38095,ND,Towner County,state
38097,ND,Traill County,state
38099,ND,Walsh County,state
38101,ND,Ward County,state
38103,ND,Wells County,state
38105,ND,Williams County,state
39000,OH,Ohio,state
39001,OH,Adams County,state
39003,OH,Allen County,state
39005,OH,Ashland County,state
39007,OH,Ashtabula County,state
39009,OH,Athens County,state
39011,OH,Auglaize County,state
39013,OH,Belmont County,state
39015,OH,Brown County,state
39017,OH,Butler County,state
39019,OH,Carroll County,state
39021,OH,Champaign County,state
39023,OH,Clark County,state
39025,OH,Clermont County,state
39027,OH,Clinton County,state
39029,OH,Columbiana County,state
39031,OH,Coshocton County,state
39033,OH,Crawford County,state
39035,OH,Cuyahoga County,state
39037,OH,Darke County,state
39039,OH,Defiance County,state
39041,OH,Delaware County,state
39043,OH,Erie County,state
39045,OH,Fairfield County,state
39047,OH,Fayette County,state
39049,OH,Franklin County,state
39051,OH,Fulton County,state
39053,OH,Gallia County,state
39055,OH,Geauga County,state
39057,OH,Greene County,state
39059,OH,Guernsey County,state
39061,OH,Hamilton County,state
39063,OH,Hancock County,state
39065,OH,Hardin County,state
39067,OH,Harrison County,state
39069,OH,Henry County,state
39071,OH,Highland County,state
39073,OH,Hocking County,state
39075,OH,Holmes County,state
39077,OH,Huron County,state
39079,OH,Jackson County,state
39081,OH,Jefferson County,state
39083,OH,Knox County,state
39085,OH,Lake County,state
39087,OH,Lawrence County,state
39089,OH,Licking County,state
39091,OH,Logan County,state
39093,OH,Lorain County,state
39095,OH,Lucas County,state
39097,OH,Madison County,state
39099,OH,Mahoning County,state
39101,OH,Marion County,state
39103,OH,Medina County,state
39105,OH,Meigs County,state
39107,OH,Mercer County,state
39109,OH,Miami County,state
39111,OH,Monroe County,state
39113,OH,Montgomery County,state
39115,OH,Morgan County,state
39117,OH,Morrow County,state
39119,OH,Muskingum County,state
39121,OH,Noble County,state
39123,OH,Ottawa County,state
39125,OH,Paulding County,state
39127,OH,Perry County,state
39129,OH,Pickaway County,state
39131,OH,Pike County,state
39133,OH,Portage County,state
39135,OH,Preble County,state
39137,OH,Putnam County,state
39139,OH,Richland County,state
39141,OH,Ross County,state
39143,OH,Sandusky County,state
39145,OH,Scioto County,state
39147,OH,Seneca County,state
39149,OH,Shelby County,state
39151,OH,Stark County,state
39153,OH,Summit County,state
39155,OH,Trumbull County,state
39157,OH,Tuscarawas County,state
39159,OH,Union County,state
39161,OH,Van Wert County,state
39163,OH,Vinton County,state
39165,OH,Warren County,state
39167,OH,Washington County,state
39169,OH,Wayne County,state
39171,OH,Williams County,state
39173,OH,Wood County,state
39175,OH,Wyandot County,state
40000,OK,Oklahoma,state
40001,OK,Adair County,state
40003,OK,Alfalfa County,state
40005,OK,Atoka County,state
40007,OK,Beaver County,state
40009,OK,Beckham County,state
40011,OK,Blaine County,state
40013,OK,Bryan County,state
40015,OK,Caddo County,state
40017,OK,Canadian County,state
40019,OK,Carter County,state
40021,OK,Cherokee County,state
40023,OK,Choctaw County,state
40025,OK,Cimarron County,state
40027,OK,Cleveland County,state
40029,OK,Coal County,state
40031,OK,Comanche County,state
40033,OK,Cotton County,state
40035,OK,Craig County,state
40037,OK,Creek County,state
40039,OK,Custer County,state
40041,OK,Delaware County,state
40043,OK,Dewey County,state
40045,OK,Ellis County,state
40047,OK,Garfield County,state
40049,OK,Garvin County,state
40051,OK,Grady County,state
40053,OK,Grant County,state
40055,OK,Greer County,state
40057,OK,Harmon County,state
40059,OK,Harper County,state
40061,OK,Haskell County,state
40063,OK,Hughes County,state
40065,OK,Jackson County,state
40067,OK,Jefferson County,state
40069,OK,Johnston County,state
40071,OK,Kay County,state
40073,OK,Kingfisher County,state
40075,OK,Kiowa County,state
40077,OK,Latimer County,state
40079,OK,Le Flore County,state
40081,OK,Lincoln County,state
40083,OK,Logan County,state
40085,OK,Love County,state
40087,OK,McClain County,state
40089,OK,McCurtain County,state
40091,OK,McIntosh County,state
40093,OK,Major County,state
40095,OK,Marshall County,state
40097,OK,Mayes County,state
40099,OK,Murray County,state
40101,OK,Muskogee County,state
40103,OK,Noble County,state
40105,OK,Nowata County,state
40107,OK,Okfuskee County,state
40109,OK,Oklahoma County,state
40111,OK,Okmulgee County,state
40113,OK,Osage County,state
40115,OK,Ottawa County,state
40117,OK,Pawnee County,state
40119,OK,Payne County,state
40121,OK,Pittsburg County,state
40123,OK,Pontotoc County,state
40125,OK,Pottawatomie County,state
40127,OK,Pushmataha County,state
40129,OK,Roger Mills County,state
40131,OK,Rogers County,state
40133,OK,Seminole County,state
40135,OK,Sequoyah County,state
40137,OK,Stephens County,state
40139,OK,Texas County,state
40141,OK,Tillman County,state
40143,OK,Tulsa County,state
40145,OK,Wagoner County,state
40147,OK,Washington County,state
40149,OK,Washita County,state
40151,OK,Woods County,state
40153,OK,Woodward County,state
41000,OR,Oregon,state
41001,OR,Baker County,state
41003,OR,Benton County,state
41005,OR,Clackamas County,state
41007,OR,Clatsop County,state
41009,OR,Columbia County,state
41011,OR,Coos County,state
41013,OR,Crook County,state
41015,OR,Curry County,state
41017,OR,Deschutes County,state
41019,OR,Douglas County,state
41021,OR,Gilliam County,state
41023,OR,Grant County,state
41025,OR,Harney County,state
41027,OR,Hood River County,state
41029,OR,Jackson County,state
41031,OR,Jefferson County,state
41033,OR,Josephine County,state
41035,OR,Klamath County,state
41037,OR,Lake County,state
41039,OR,Lane County,state
41041,OR,Lincoln County,state
41043,OR,Linn County,state
41045,OR,Malheur County,state
41047,OR,Marion County,state
41049,OR,Morrow County,state
41051,OR,Multnomah County,state
41053,OR,Polk County,state
41055,OR,Sherman County,state
41057,OR,Tillamook County,state
41059,OR,Umatilla County,state
41061,OR,Union County,state
41063,OR,Wallowa County,state
41065,OR,Wasco County,state
41067,OR,Washington County,state
41069,OR,Wheeler County,state
41071,OR,Yamhill County,state
42000,PA,Pennsylvania,state
42001,PA,Adams County,state
42003,PA,Allegheny County,state
42005,PA,Armstrong County,state
42007,PA,Beaver County,state
42009,PA,Bedford County,state
42011,PA,Berks County,state
42013,PA,Blair County,state
42015,PA,Bradford County,state
42017,PA,Bucks County,state
42019,PA,Butler County,state
42021,PA,Cambria County,state
42023,PA,Cameron County,state
42025,PA,Carbon County,state
42027,PA,Centre County,state
42029,PA,Chester County,state
42031,PA,Clarion County,state
42033,PA,Clearfield County,state
42035,PA,Clinton County,state
42037,PA,Columbia County,state
42039,PA,Crawford County,state
42041,PA,Cumberland County,state
42043,PA,Dauphin County,state
42045,PA,Delaware County,state
42047,PA,Elk County,state
42049,PA,Erie County,state
42051,PA,Fayette County,state
42053,PA,Forest County,state
42055,PA,Franklin County,state
42057,PA,Fulton County,state
42059,PA,Greene County,state
42061,PA,Huntingdon County,state
42063,PA,Indiana County,state
42065,PA,Jefferson County,state
42067,PA,Juniata County,state
42069,PA,Lackawanna County,state
42071,PA,Lancaster County,state
42073,PA,Lawrence County,state
42075,PA,Lebanon County,state
42077,PA,Lehigh County,state
42079,PA,Luzerne County,state
42081,PA,Lycoming County,state
42083,PA,McKean County,state
42085,PA,Mercer County,state
42087,PA,Mifflin County,state
42089,PA,Monroe County,state
42091,PA,Montgomery County,state
42093,PA,Montour County,state
42095,PA,Northampton County,state
42097,PA,Northumberland County,state
42099,PA,Perry County,state
42101,PA,Philadelphia County,state
42103,PA,Pike County,state
42105,PA,Potter County,state
42107,PA,Schuylkill County,state
42109,PA,Snyder County,state
42111,PA,Somerset County,state
42113,PA,Sullivan County,state
42115,PA,Susquehanna County,state
42117,PA,Tioga County,state
42119,PA,Union County,state
42121,PA,Venango County,state
42123,PA,Warren County,state
42125,PA,Washington County,state
42127,PA,Wayne County,state
42129,PA,Westmoreland County,state
42131,PA,Wyoming County,state
42133,PA,York County,state
44000,RI,Rhode Island,state
44001,RI,Bristol County,state
44003,RI,Kent County,state
44005,RI,Newport County,state
44007,RI,Providence County,state
44009,RI,Washington County,state
45000,SC,South Carolina,state
45001,SC,Abbeville County,state
45003,SC,Aiken County,state
45005,SC,Allendale County,state
45007,SC,Anderson County,state
45009,SC,Bamberg County,state
45011,SC,Barnwell County,state
45013,SC,Beaufort County,state
45015,SC,Berkeley County,state
45017,SC,Calhoun County,state
45019,SC,Charleston County,state
45021,SC,Cherokee County,state
45023,SC,Chester County,state
45025,SC,Chesterfield County,state
45027,SC,Clarendon County,state
45029,SC,Colleton County,state
45031,SC,Darlington County,state
45033,SC,Dillon County,state
45035,SC,Dorchester County,state
45037,SC,Edgefield County,state
45039,SC,Fairfield County,state
45041,SC,Florence County,state
45043,SC,Georgetown County,state
45045,SC,Greenville County,state
45047,SC,Greenwood County,state
45049,SC,Hampton County,state
45051,SC,Horry County,state
45053,SC,Jasper County,state
45055,SC,Kershaw County,state
45057,SC,Lancaster County,state
45059,SC,Laurens County,state
45061,SC,Lee County,state
45063,SC,Lexington County,state
45065,SC,McCormick County,state
45067,SC,Marion County,state
45069,SC,Marlboro County,state
45071,SC,Newberry County,state
45073,SC,Oconee County,state
45075,SC,Orangeburg County,state
45077,SC,Pickens County,state
45079,SC,Richland County,state
45081,SC,Saluda County,state
45083,SC,Spartanburg County,state
45085,SC,Sumter County,state
45087,SC,Union County,state
45089,SC,Williamsburg County,state
45091,SC,York County,state
46000,SD,South Dakota,state
46003,SD,Aurora County,state
46005,SD,Beadle County,state
46007,SD,Bennett County,state
46009,SD,Bon Homme County,state
46011,SD,Brookings County,state
46013,SD,Brown County,state
46015,SD,Brule County,state
46017,SD,Buffalo County,state
46019,SD,Butte County,state
46021,SD,Campbell County,state
46023,SD,Charles Mix County,state
46025,SD,Clark County,state
46027,SD,Clay County,state
46029,SD,Codington County,state
46031,SD,Corson County,state
46033,SD,Custer County,state
46035,SD,Davison County,state
46037,SD,Day County,state
46039,SD,Deuel County,state
46041,SD,Dewey County,state
46043,SD,Douglas County,state
46045,SD,Edmunds County,state
46047,SD,Fall River County,state
46049,SD,Faulk County,state
46051,SD,Grant County,state
46053,SD,Gregory County,state
46055,SD,Haakon County,state
46057,SD,Hamlin County,state
46059,SD,Hand County,state
46061,SD,Hanson County,state
46063,SD,Harding County,state
46065,SD,Hughes County,state
46067,SD,Hutchinson County,state
46069,SD,Hyde County,state
46071,SD,Jackson County,state
46073,SD,Jerauld County,state
46075,SD,Jones County,state
46077,SD,Kingsbury County,state
46079,SD,Lake County,state
46081,SD,Lawrence County,state
46083,SD,Lincoln County,state
46085,SD,Lyman County,state
46087,SD,McCook County,state
46089,SD,McPherson County,state
46091,SD,Marshall County,state
46093,SD,Meade County,state
46095,SD,Mellette County,state
46097,SD,Miner County,state
46099,SD,Minnehaha County,state
46101,SD,Moody County,state
46102,SD,Oglala Lakota County,state
46103,SD,Pennington County,state
46105,SD,Perkins County,state
46107,SD,Potter County,state
46109,SD,Roberts County,state
46111,SD,Sanborn County,state
46115,SD,Spink County,state
46117,SD,Stanley County,state
46119,SD,Sully County,state
46121,SD,Todd County,state
46123,SD,Tripp County,state
46125,SD,Turner County,state
46127,SD,Union County,state
46129,SD,Walworth County,state
46135,SD,Yankton County,state
46137,SD,Ziebach County,state
47000,TN,Tennessee,state
47001,TN,Anderson County,state
47003,TN,Bedford County,state
47005,TN,Benton County,state
47007,TN,Bledsoe County,state
47009,TN,Blount County,state
47011,TN,Bradley County,state
47013,TN,Campbell County,state
47015,TN,Cannon County,state
47017,TN,Carroll County,state
47019,TN,Carter County,state
47021,TN,Cheatham County,state
47023,TN,Chester County,state
47025,TN,Claiborne County,state
47027,TN,Clay County,state
47029,TN,Cocke County,state
47031,TN,Coffee County,state
47033,TN,Crockett County,state
47035,TN,Cumberland County,state
47037,TN,Davidson County,state
47039,TN,Decatur County,state
47041,TN,DeKalb County,state
47043,TN,Dickson County,state
47045,TN,Dyer County,state
47047,TN,Fayette County,state
47049,TN,Fentress County,state
47051,TN,Franklin County,state
47053,TN,Gibson County,state
47055,TN,Giles County,state
47057,TN,Grainger County,state
47059,TN,Greene County,state
47061,TN,Grundy County,state
47063,TN,Hamblen County,state
47065,TN,Hamilton County,state
47067,TN,Hancock County,state
47069,TN,Hardeman County,state
47071,TN,Hardin County,state
47073,TN,Hawkins County,state
47075,TN,Haywood County,state
47077,TN,Henderson County,state
47079,TN,Henry County,state
47081,TN,Hickman County,state
47083,TN,Houston County,state
47085,TN,Humphreys County,state
47087,TN,Jackson County,state
47089,TN,Jefferson County,state
47091,TN,Johnson County,state
47093,TN,Knox County,state
47095,TN,Lake County,state
47097,TN,Lauderdale County,state
47099,TN,Lawrence County,state
47101,TN,Lewis County,state
47103,TN,Lincoln County,state
47105,TN,Loudon County,state
47107,TN,McMinn County,state
47109,TN,McNairy County,state
47111,TN,Macon County,state
47113,TN,Madison County,state
47115,TN,Marion County,state
47117,TN,Marshall County,state
47119,TN,Maury County,state
47121,TN,Meigs County,state
47123,TN,Monroe County,state
47125,TN,Montgomery County,state
47127,TN,Moore County,state
47129,TN,Morgan County,state
47131,TN,Obion County,state
47133,TN,Overton County,state
47135,TN,Perry County,state
47137,TN,Pickett County,state
47139,TN,Polk County,state
47141,TN,Putnam County,state
47143,TN,Rhea County,state
47145,TN,Roane County,state
47147,TN,Robertson County,state
47149,TN,Rutherford County,state
47151,TN,Scott County,state
47153,TN,Sequatchie County,state
47155,TN,Sevier County,state
47157,TN,Shelby County,state
47159,TN,Smith County,state
47161,TN,Stewart County,state
47163,TN,Sullivan County,state
47165,TN,Sumner County,state
47167,TN,Tipton County,state
47169,TN,Trousdale County,state
47171,TN,Unicoi County,state
47173,TN,Union County,state
47175,TN,Van Buren County,state
47177,TN,Warren County,state
47179,TN,Washington County,state
47181,TN,Wayne County,state
47183,TN,Weakley County,state
47185,TN,White County,state
47187,TN,Williamson County,state
47189,TN,Wilson County,state
48000,TX,Texas,state
48001,TX,Anderson County,state
48003,TX,Andrews County,state
48005,TX,Angelina County,state
48007,TX,Aransas County,state
48009,TX,Archer County,state
48011,TX,Armstrong County,state
48013,TX,Atascosa County,state
48015,TX,Austin County,state
48017,TX,Bailey County,state
48019,TX,Bandera County,state
48021,TX,Bastrop County,state
48023,TX,Baylor County,state
48025,TX,Bee County,state
48027,TX,Bell County,state
48029,TX,Bexar County,state
48031,TX,Blanco County,state
48033,TX,Borden County,state
48035,TX,Bosque County,state
48037,TX,Bowie County,state
48039,TX,Brazoria County,state
48041,TX,Brazos County,state
48043,TX,Brewster County,state
48045,TX,Briscoe County,state
48047,TX,Brooks County,state
48049,TX,Brown County,state
48051,TX,Burleson County,state
48053,TX,Burnet County,state
48055,TX,Caldwell County,state
48057,TX,Calhoun County,state
48059,TX,Callahan County,state
48061,TX,Cameron County,state
48063,TX,Camp County,state
48065,TX,Carson County,state
48067,TX,Cass County,state
48069,TX,Castro County,state
48071,TX,Chambers County,state
48073,TX,Cherokee County,state
48075,TX,Childress County,state
48077,TX,Clay County,state
48079,TX,Cochran County,state
48081,TX,Coke County,state
48083,TX,Coleman County,state
48085,TX,Collin County,state
48087,TX,Collingsworth County,state
48089,TX,Colorado County,state
48091,TX,Comal County,state
48093,TX,Comanche County,state
48095,TX,Concho County,state
48097,TX,Cooke County,state
48099,TX,Coryell County,state
48101,TX,Cottle County,state
48103,TX,Crane County,state
48105,TX,Crockett County,state
48107,TX,Crosby County,state
48109,TX,Culberson County,state
48111,TX,Dallam County,state
48113,TX,Dallas County,state
48115,TX,Dawson County,state
48117,TX,Deaf Smith County,state
48119,TX,Delta County,state
48121,TX,Denton County,state
48123,TX,DeWitt County,state
48125,TX,Dickens County,state
48127,TX,Dimmit County,state
48129,TX,Donley County,state
48131,TX,Duval County,state
48133,TX,Eastland County,state
48135,TX,Ector County,state
48137,TX,Edwards County,state
48139,TX,Ellis County,state
48141,TX,El Paso County,state
48143,TX,Erath County,state
48145,TX,Falls County,state
48147,TX,Fannin County,state
48149,TX,Fayette County,state
48151,TX,Fisher County,state
48153,TX,Floyd County,state
48155,TX,Foard County,state
48157,TX,Fort Bend County,state
48159,TX,Franklin County,state
48161,TX,Freestone County,state
48163,TX,Frio County,state
48165,TX,Gaines County,state
48167,TX,Galveston County,state
48169,TX,Garza County,state
48171,TX,Gillespie County,state
48173,TX,Glasscock County,state
48175,TX,Goliad County,state
48177,TX,Gonzales County,state
48179,TX,Gray County,state
48181,TX,Grayson County,state
48183,TX,Gregg County,state
48185,TX,Grimes County,state
48187,TX,Guadalupe County,state
48189,TX,Hale County,state
48191,TX,Hall County,state
48193,TX,Hamilton County,state
48195,TX,Hansford County,state
48197,TX,Hardeman County,state
48199,TX,Hardin County,state
48201,TX,Harris County,state
48203,TX,Harrison County,state
48205,TX,Hartley County,state
48207,TX,Haskell County,state
48209,TX,Hays County,state
48211,TX,Hemphill County,state
48213,TX,Henderson County,state
48215,TX,Hidalgo County,state
48217,TX,Hill County,state
48219,TX,Hockley County,state
48221,TX,Hood County,state
48223,TX,Hopkins County,state
48225,TX,Houston County,state
48227,TX,Howard County,state
48229,TX,Hudspeth County,state
48231,TX,Hunt County,state
48233,TX,Hutchinson County,state
48235,TX,Irion County,state
48237,TX,Jack County,state
48239,TX,Jackson County,state
48241,TX,Jasper County,state
48243,TX,Jeff Davis County,state
48245,TX,Jefferson County,state
48247,TX,Jim Hogg County,state
48249,TX,Jim Wells County,state
48251,TX,Johnson County,state
48253,TX,Jones County,state
48255,TX,Karnes County,state
48257,TX,Kaufman County,state
48259,TX,Kendall County,state
48261,TX,Kenedy County,state
48263,TX,Kent County,state
48265,TX,Kerr County,state
48267,TX,Kimble County,state
48269,TX,King County,state
48271,TX,Kinney County,state
48273,TX,Kleberg County,state
48275,TX,Knox County,state
48277,TX,Lamar County,state
48279,TX,Lamb County,state
48281,TX,Lampasas County,state
48283,TX,La Salle County,state
48285,TX,Lavaca County,state
48287,TX,Lee County,state
48289,TX,Leon County,state
48291,TX,Liberty County,state
48293,TX,Limestone County,state
48295,TX,Lipscomb County,state
48297,TX,Live Oak County,state
48299,TX,Llano County,state
48301,TX,Loving County,state
48303,TX,Lubbock County,state
48305,TX,Lynn County,state
48307,TX,McCulloch County,state
48309,TX,McLennan County,state
48311,TX,McMullen County,state
48313,TX,Madison County,state
48315,TX,Marion County,state
48317,TX,Martin County,state
48319,TX,Mason County,state
48321,TX,Matagorda County,state
48323,TX,Maverick County,state
48325,TX,Medina County,state
48327,TX,Menard County,state
48329,TX,Midland County,state
48331,TX,Milam County,state
48333,TX,Mills County,state
48335,TX,Mitchell County,state
48337,TX,Montague County,state
48339,TX,Montgomery County,state
48341,TX,Moore County,state
48343,TX,Morris County,state
48345,TX,Motley County,state
48347,TX,Nacogdoches County,state
48349,TX,Navarro County,state
48351,TX,Newton County,state
48353,TX,Nolan County,state
48355,TX,Nueces County,state
48357,TX,Ochiltree County,state
48359,TX,Oldham County,state
48361,TX,Orange County,state
48363,TX,Palo Pinto County,state
48365,TX,Panola County,state
48367,TX,Parker County,state
48369,TX,Parmer County,state
48371,TX,Pecos County,state
48373,TX,Polk County,state
48375,TX,Potter County,state
48377,TX,Presidio County,state
48379,TX,Rains County,state
48381,TX,Randall County,state
48383,TX,Reagan County,state
48385,TX,Real County,state
48387,TX,Red River County,state
48389,TX,Reeves County,state
48391,TX,Refugio County,state
48393,TX,Roberts County,state
48395,TX,Robertson County,state
48397,TX,Rockwall County,state
48399,TX,Runnels County,state
48401,TX,Rusk County,state
48403,TX,Sabine County,state
48405,TX,San Augustine County,state
48407,TX,San Jacinto County,state
48409,TX,San Patricio County,state
48411,TX,San Saba County,state
48413,TX,Schleicher County,state
48415,TX,Scurry County,state
48417,TX,Shackelford County,state
48419,TX,Shelby County,state
48421,TX,Sherman County,state
48423,TX,Smith County,state
48425,TX,Somervell County,state
48427,TX,Starr County,state
48429,TX,Stephens County,state
48431,TX,Sterling County,state
48433,TX,Stonewall County,state
48435,TX,Sutton County,state
48437,TX,Swisher County,state
48439,TX,Tarrant County,state
48441,TX,Taylor County,state
48443,TX,Terrell County,state
48445,TX,Terry County,state
48447,TX,Throckmorton County,state
48449,TX,Titus County,state
48451,TX,Tom Green County,state
48453,TX,Travis County,state
48455,TX,Trinity County,state
48457,TX,Tyler County,state
48459,TX,Upshur County,state
48461,TX,Upton County,state
48463,TX,Uvalde County,state
48465,TX,Val Verde County,state
48467,TX,Van Zandt County,state
48469,TX,Victoria County,state
48471,TX,Walker County,state
48473,TX,Waller County,state
48475,TX,Ward County,state
48477,TX,Washington County,state
48479,TX,Webb County,state
48481,TX,Wharton County,state
48483,TX,Wheeler County,state
48485,TX,Wichita County,state
48487,TX,Wilbarger County,state
48489,TX,Willacy County,state
48491,TX,Williamson County,state
48493,TX,Wilson County,state
48495,TX,Winkler County,state
48497,TX,Wise County,state
48499,TX,Wood County,state
48501,TX,Yoakum County,state
48503,TX,Young County,state
48505,TX,Zapata County,state
48507,TX,Zavala County,state
49000,UT,Utah,state
49001,UT,Beaver County,state
49003,UT,Box Elder County,state
49005,UT,Cache County,state
49007,UT,Carbon County,state
49009,UT,Daggett County,state
49011,UT,Davis County,state
49013,UT,Duchesne County,state
49015,UT,Emery County,state
49017,UT,Garfield County,state
49019,UT,Grand County,state
49021,UT,Iron County,state
49023,UT,Juab County,state
49025,UT,Kane County,state
49027,UT,Millard County,state
49029,UT,Morgan County,state
49031,UT,Piute County,state
49033,UT,Rich County,state
49035,UT,Salt Lake County,state
49037,UT,San Juan County,state
49039,UT,Sanpete County,state
49041,UT,Sevier County,state
49043,UT,Summit County,state
49045,UT,Tooele County,state
49047,UT,Uintah County,state
49049,UT,Utah County,state
49051,UT,Wasatch County,state
49053,UT,Washington County,state
49055,UT,Wayne County,state
49057,UT,Weber County,state
50000,VT,Vermont,state
50001,VT,Addison County,state
50003,VT,Bennington County,state
50005,VT,Caledonia County,state
50007,VT,Chittenden County,state
50009,VT,Essex County,state
50011,VT,Franklin County,state
50013,VT,Grand Isle County,state
50015,VT,Lamoille County,state
50017,VT,Orange County,state
50019,VT,Orleans County,state
50021,VT,Rutland County,state
50023,VT,Washington County,state
50025,VT,Windham County,state
50027,VT,Windsor County,state
51000,VA,Virginia,state
51001,VA,Accomack County,state
51003,VA,Albemarle County,state
51005,VA,Alleghany County,state
51007,VA,Amelia County,state
51009,VA,Amherst County,state
51011,VA,Appomattox County,state
51013,VA,Arlington County,state
51015,VA,Augusta County,state
51017,VA,Bath County,state
51019,VA,Bedford County,state
51021,VA,Bland County,state
51023,VA,Botetourt County,state
51025,VA,Brunswick County,state
51027,VA,Buchanan County,state
51029,VA,Buckingham County,state
51031,VA,Campbell County,state
51033,VA,Caroline County,state
51035,VA,Carroll County,state
51036,VA,Charles City County,state
51037,VA,Charlotte County,state
51041,VA,Chesterfield County,state
51043,VA,Clarke County,state
51045,VA,Craig County,state
51047,VA,Culpeper County,state
51049,VA,Cumberland County,state
51051,VA,Dickenson County,state
51053,VA,Dinwiddie County,state
51057,VA,Essex County,state
51059,VA,Fairfax County,state
51061,VA,Fauquier County,state
51063,VA,Floyd County,state
51065,VA,Fluvanna County,state
51067,VA,Franklin County,state
51069,VA,Frederick County,state
51071,VA,Giles County,state
51073,VA,Gloucester County,state
51075,VA,Goochland County,state
51077,VA,Grayson County,state
51079,VA,Greene County,state
51081,VA,Greensville County,state
51083,VA,Halifax County,state
51085,VA,Hanover County,state
51087,VA,Henrico County,state
51089,VA,Henry County,state
51091,VA,Highland County,state
51093,VA,Isle of Wight County,state
51095,VA,James City County,state
51097,VA,King and Queen County,state
51099,VA,King George County,state
51101,VA,King William County,state
51103,VA,Lancaster County,state
51105,VA,Lee County,state
51107,VA,Loudoun County,state
51109,VA,Louisa County,state
51111,VA,Lunenburg County,state
51113,VA,Madison County,state
51115,VA,Mathews County,state
51117,VA,Mecklenburg County,state
51119,VA,Middlesex County,state
51121,VA,Montgomery County,state
51125,VA,Nelson County,state
51127,VA,New Kent County,state
51131,VA,Northampton County,state
51133,VA,Northumberland County,state
51135,VA,Nottoway County,state
51137,VA,Orange County,state
51139,VA,Page County,state
51141,VA,Patrick County,state
51143,VA,Pittsylvania County,state
51145,VA,Powhatan County,state
51147,VA,Prince Edward County,state
51149,VA,Prince George County,state
51153,VA,Prince William County,state
51155,VA,Pulaski County,state
51157,VA,Rappahannock County,state
51159,VA,Richmond County,state
51161,VA,Roanoke County,state
51163,VA,Rockbridge County,state
51165,VA,Rockingham County,state
51167,VA,Russell County,state
51169,VA,Scott County,state
51171,VA,Shenandoah County,state
51173,VA,Smyth County,state
51175,VA,Southampton County,state
51177,VA,Spotsylvania County,state
51179,VA,Stafford County,state
51181,VA,Surry County,state
51183,VA,Sussex County,state
51185,VA,Tazewell County,state
51187,VA,Warren County,state
51191,VA,Washington County,state
51193,VA,Westmoreland County,state
51195,VA,Wise County,state
51197,VA,Wythe County,state
51199,VA,York County,state
51510,VA,Alexandria city,state
51515,VA,Bedford city,state
51520,VA,Bristol city,state
51530,VA,Buena Vista city,state
51540,VA,Charlottesville city,state
51550,VA,Chesapeake city,state
51560,VA,Clifton Forge city,state
51570,VA,Colonial Heights city,state
51580,VA,Covington city,state
51590,VA,Danville city,state
51595,VA,Emporia city,state
51600,VA,Fairfax city,state
51610,VA,Falls Church city,state
51620,VA,Franklin city,state
51630,VA,Fredericksburg city,state
51640,VA,Galax city,state
51650,VA,Hampton city,state
51660,VA,Harrisonburg city,state
51670,VA,Hopewell city,state
51678,VA,Lexington city,state
51680,VA,Lynchburg city,state
51683,VA,Manassas city,state
51685,VA,Manassas Park city,state
51690,VA,Martinsville city,state
51700,VA,Newport News city,state
51710,VA,Norfolk city,state
51720,VA,Norton city,state
51730,VA,Petersburg city,state
51735,VA,Poquoson city,state
51740,VA,Portsmouth city,state
51750,VA,Radford city,state
51760,VA,Richmond city,state
51770,VA,Roanoke city,state
51775,VA,Salem city,state
51790,VA,Staunton city,state
51800,VA,Suffolk city,state
51810,VA,Virginia Beach city,state
51820,VA,Waynesboro city,state
51830,VA,Williamsburg city,state
51840,VA,Winchester city,state
53000,WA,Washington,state
53001,WA,Adams County,state
53003,WA,Asotin County,state
53005,WA,Benton County,state
53007,WA,Chelan County,state
53009,WA,Clallam County,state
53011,WA,Clark County,state
53013,WA,Columbia County,state
53015,WA,Cowlitz County,state
53017,WA,Douglas County,state
53019,WA,Ferry County,state
53021,WA,Franklin County,state
53023,WA,Garfield County,state
53025,WA,Grant County,state
53027,WA,Grays Harbor County,state
53029,WA,Island County,state
53031,WA,Jefferson County,state
53033,WA,King County,state
53035,WA,Kitsap County,state
53037,WA,Kittitas County,state
53039,WA,Klickitat County,state
53041,WA,Lewis County,state
53043,WA,Lincoln County,state
53045,WA,Mason County,state
53047,WA,Okanogan County,state
53049,WA,Pacific County,state
53051,WA,Pend Oreille County,state
53053,WA,Pierce County,state
53055,WA,San Juan County,state
53057,WA,Skagit County,state
53059,WA,Skamania County,state
53061,WA,Snohomish County,state
53063,WA,Spokane County,state
53065,WA,Stevens County,state
53067,WA,Thurston County,state
53069,WA,Wahkiakum County,state
53071,WA,Walla Walla County,state
53073,WA,Whatcom County,state
53075,WA,Whitman County,state
53077,WA,Yakima County,state
54000,WV,West Virginia,state
54001,WV,Barbour County,state
54003,WV,Berkeley County,state
54005,WV,Boone County,state
54007,WV,Braxton County,state
54009,WV,Brooke County,state
54011,WV,Cabell County,state
54013,WV,Calhoun County,state
54015,WV,Clay County,state
54017,WV,Doddridge County,state
54019,WV,Fayette County,state
54021,WV,Gilmer County,state
54023,WV,Grant County,state
54025,WV,Greenbrier County,state
54027,WV,Hampshire County,state
54029,WV,Hancock County,state
54031,WV,Hardy County,state
54033,WV,Harrison County,state
54035,WV,Jackson County,state
54037,WV,Jefferson County,state
54039,WV,Kanawha County,state
54041,WV,Lewis County,state
54043,WV,Lincoln County,state
54045,WV,Logan County,state
54047,WV,McDowell County,state
54049,WV,Marion County,state
54051,WV,Marshall County,state
54053,WV,Mason County,state
54055,WV,Mercer County,state
54057,WV,Mineral County,state
54059,WV,Mingo County,state
54061,WV,Monongalia County,state
54063,WV,Monroe County,state
54065,WV,Morgan County,state
54067,WV,Nicholas County,state
54069,WV,Ohio County,state
54071,WV,Pendleton County,state
54073,WV,Pleasants County,state
54075,WV,Pocahontas County,state
54077,WV,Preston County,state
54079,WV,Putnam County,state
54081,WV,Raleigh County,state
54083,WV,Randolph County,state
54085,WV,Ritchie County,state
54087,WV,Roane County,state
54089,WV,Summers County,state
54091,WV,Taylor County,state
54093,WV,Tucker County,state
54095,WV,Tyler County,state
54097,WV,Upshur County,state
54099,WV,Wayne County,state
54101,WV,Webster County,state
54103,WV,Wetzel County,state
54105,WV,Wirt County,state
54107,WV,Wood County,state
54109,WV,Wyoming County,state
55000,WI,Wisconsin,state
55001,WI,Adams County,state
55003,WI,Ashland County,state
55005,WI,Barron County,state
55007,WI,Bayfield County,state
55009,WI,Brown County,state
55011,WI,Buffalo County,state
55013,WI,Burnett County,state
55015,WI,Calumet County,state
55017,WI,Chippewa County,state
55019,WI,Clark County,state
55021,WI,Columbia County,state
55023,WI,Crawford County,state
55025,WI,Dane County,state
55027,WI,Dodge County,state
55029,WI,Door County,state
55031,WI,Douglas County,state
55033,WI,Dunn County,state
55035,WI,Eau Claire County,state
55037,WI,Florence County,state
55039,WI,Fond du Lac County,state
55041,WI,Forest County,state
55043,WI,Grant County,state
55045,WI,Green County,state
55047,WI,Green Lake County,state
55049,WI,Iowa County,state
55051,WI,Iron County,state
55053,WI,Jackson County,state
55055,WI,Jefferson County,state
55057,WI,Juneau County,state
55059,WI,Kenosha County,state
55061,WI,Kewaunee County,state
55063,WI,La Crosse County,state
55065,WI,Lafayette County,state
55067,WI,Langlade County,state
55069,WI,Lincoln County,state
55071,WI,Manitowoc County,state
55073,WI,Marathon County,state
55075,WI,Marinette County,state
55077,WI,Marquette County,state
55078,WI,Menominee County,state
55079,WI,Milwaukee County,state
55081,WI,Monroe County,state
55083,WI,Oconto County,state
55085,WI,Oneida County,state
55087,WI,Outagamie County,state
55089,WI,Ozaukee County,state
55091,WI,Pepin County,state
55093,WI,Pierce County,state
55095,WI,Polk County,state
55097,WI,Portage County,state
55099,WI,Price County,state
55101,WI,Racine County,state
55103,WI,Richland County,state
55105,WI,Rock County,state
55107,WI,Rusk County,state
55109,WI,St. Croix County,state
55111,WI,Sauk County,state
55113,WI,Sawyer County,state
55115,WI,Shawano County,state
55117,WI,Sheboygan County,state
55119,WI,Taylor County,state
55121,WI,Trempealeau County,state
55123,WI,Vernon County,state
55125,WI,Vilas County,state
55127,WI,Walworth County,state
55129,WI,Washburn County,state
55131,WI,Washington County,state
55133,WI,Waukesha County,state
55135,WI,Waupaca County,state
55137,WI,Waushara County,state
55139,WI,Winnebago County,state
55141,WI,Wood County,state
56000,WY,Wyoming,state
56001,WY,Albany County,state
56003,WY,Big Horn County,state
56005,WY,Campbell County,state
56007,WY,Carbon County,state
56009,WY,Converse County,state
56011,WY,Crook County,state
56013,WY,Fremont County,state
56015,WY,Goshen County,state
56017,WY,Hot Springs County,state
56019,WY,Johnson County,state
56021,WY,Laramie County,state
56023,WY,Lincoln County,state
56025,WY,Natrona County,state
56027,WY,Niobrara County,state
56029,WY,Park County,state
56031,WY,Platte County,state
56033,WY,Sheridan County,state
56035,WY,Sublette County,state
56037,WY,Sweetwater County,state
56039,WY,Teton County,state
56041,WY,Uinta County,state
56043,WY,Washakie County,state
56045,WY,Weston County,state
72000,PR,Puerto Rico,commonwealth
72001,PR,Adjuntas Municipio,commonwealth
72003,PR,Aguada Municipio,commonwealth
72005,PR,Aguadilla Municipio,commonwealth
72007,PR,Aguas Buenas Municipio,commonwealth
72009,PR,Aibonito Municipio,commonwealth
72011,PR,Aasco Municipio,commonwealth
72013,PR,Arecibo Municipio,commonwealth
72015,PR,Arroyo Municipio,commonwealth
72017,PR,Barceloneta Municipio,commonwealth
72019,PR,Barranquitas Municipio,commonwealth
72021,PR,Bayamn Municipio,commonwealth
72023,PR,Cabo Rojo Municipio,commonwealth
72025,PR,Caguas Municipio,commonwealth
72027,PR,Camuy Municipio,commonwealth
72029,PR,Canvanas Municipio,commonwealth
72031,PR,Carolina Municipio,commonwealth
72033,PR,Catao Municipio,commonwealth
72035,PR,Cayey Municipio,commonwealth
72037,PR,Ceiba Municipio,commonwealth
72039,PR,Ciales Municipio,commonwealth
72041,PR,Cidra Municipio,commonwealth
72043,PR,Coamo Municipio,commonwealth
72045,PR,Comero Municipio,commonwealth
72047,PR,Corozal Municipio,commonwealth
72049,PR,Culebra Municipio,commonwealth
72051,PR,Dorado Municipio,commonwealth
72053,PR,Fajardo Municipio,commonwealth
72054,PR,Florida Municipio,commonwealth
72055,PR,Gunica Municipio,commonwealth
72057,PR,Guayama Municipio,commonwealth
72059,PR,Guayanilla Municipio,commonwealth
72061,PR,Guaynabo Municipio,commonwealth
72063,PR,Gurabo Municipio,commonwealth
72065,PR,Hatillo Municipio,commonwealth
72067,PR,Hormigueros Municipio,commonwealth
72069,PR,Humacao Municipio,commonwealth
72071,PR,Isabela Municipio,commonwealth
72073,PR,Jayuya Municipio,commonwealth
72075,PR,Juana Daz Municipio,commonwealth
72077,PR,Juncos Municipio,commonwealth
72079,PR,Lajas Municipio,commonwealth
72081,PR,Lares Municipio,commonwealth
72083,PR,Las Maras Municipio,commonwealth
72085,PR,Las Piedras Municipio,commonwealth
72087,PR,Loza Municipio,commonwealth
72089,PR,Luquillo Municipio,commonwealth
72091,PR,Manat Municipio,commonwealth
72093,PR,Maricao Municipio,commonwealth
72095,PR,Maunabo Municipio,commonwealth
72097,PR,Mayagez Municipio,commonwealth
72099,PR,Moca Municipio,commonwealth
72101,PR,Morovis Municipio,commonwealth
72103,PR,Naguabo Municipio,commonwealth
72105,PR,Naranjito Municipio,commonwealth
72107,PR,Orocovis Municipio,commonwealth
72109,PR,Patillas Municipio,commonwealth
72111,PR,Peuelas Municipio,commonwealth
72113,PR,Ponce Municipio,commonwealth
72115,PR,Quebradillas Municipio,commonwealth
72117,PR,Rincn Municipio,commonwealth
72119,PR,Ro Grande Municipio,commonwealth
72121,PR,Sabana Grande Municipio,commonwealth
72123,PR,Salinas Municipio,commonwealth
72125,PR,San Germn Municipio,commonwealth
72127,PR,San Juan Municipio,commonwealth
72129,PR,San Lorenzo Municipio,commonwealth
72131,PR,San Sebastin Municipio,commonwealth
72133,PR,Santa Isabel Municipio,commonwealth
72135,PR,Toa Alta Municipio,commonwealth
72137,PR,Toa Baja Municipio,commonwealth
72139,PR,Trujillo Alto Municipio,commonwealth
72141,PR,Utuado Municipio,commonwealth
72143,PR,Vega Alta Municipio,commonwealth
72145,PR,Vega Baja Municipio,commonwealth
72147,PR,Vieques Municipio,commonwealth
72149,PR,Villalba Municipio,commonwealth
72151,PR,Yabucoa Municipio,commonwealth
72153,PR,Yauco Municipio,commonwealth
